Command line invocation:
    /Applications/Xcode.app/Contents/Developer/usr/bin/xcodebuild clean build -project Echo.xcodeproj -scheme Echo -destination "platform=iOS Simulator,name=iPhone 17 Pro"

Resolve Package Graph


Resolved source packages:
  ProximaKit: https://github.com/vivekptnk/ProximaKit.git @ 1.7.0

2026-08-02 11:26:22.588 xcodebuild[7668:68325216] [MT] IDERunDestination: Supported platforms for the buildables in the current scheme is empty.
CreateBuildRequest

SendProjectDescription

CreateBuildOperation

** CLEAN SUCCEEDED **

ComputePackagePrebuildTargetDependencyGraph

Prepare packages

CreateBuildRequest

SendProjectDescription

CreateBuildOperation

ComputeTargetDependencyGraph
note: Building targets in dependency order
note: Target dependency graph (3 targets)
    Target 'Echo' in project 'Echo'
        ➜ Explicit dependency on target 'ProximaKit' in project 'ProximaKit'
    Target 'ProximaKit' in project 'ProximaKit'
        ➜ Explicit dependency on target 'ProximaKit' in project 'ProximaKit'
    Target 'ProximaKit' in project 'ProximaKit' (no dependencies)

GatherProvisioningInputs

CreateBuildDescription

ExecuteExternalTool /Applications/Xcode.app/Contents/Developer/Toolchains/XcodeDefault.xctoolchain/usr/bin/clang -v -E -dM -isysroot /Applications/Xcode.app/Contents/Developer/Platforms/iPhoneSimulator.platform/Developer/SDKs/iPhoneSimulator26.5.sdk -x c -c /dev/null

ExecuteExternalTool /Applications/Xcode.app/Contents/Developer/Toolchains/XcodeDefault.xctoolchain/usr/bin/swiftc --version

ExecuteExternalTool /usr/bin/what -q /Applications/Xcode.app/Contents/Developer/Toolchains/XcodeDefault.xctoolchain/usr/bin/coremlc

ExecuteExternalTool /Applications/Xcode.app/Contents/Developer/Toolchains/XcodeDefault.xctoolchain/usr/bin/ld -version_details

ReadFileContents /Applications/Xcode.app/Contents/Developer/Toolchains/XcodeDefault.xctoolchain/usr/share/docc/features.json

ExecuteExternalTool /Applications/Xcode.app/Contents/Developer/Toolchains/XcodeDefault.xctoolchain/usr/bin/coremlc generate /Users/logansu/Documents/Dev/SwiftProjects/Echo/Echo/Resources/Models/MobileCLIP-B-lt_image.mlpackage /Users/logansu/Library/Developer/Xcode/DerivedData/Echo-awzgiadvdwbqtdciilaczfrndbdg/Build/Intermediates.noindex/Echo.build/Debug-iphonesimulator/Echo.build/DerivedSources/CoreMLGenerated/MobileCLIP-B-lt_image --dry-run yes --deployment-target 18.0 --sdkroot /Applications/Xcode.app/Contents/Developer/Platforms/iPhoneSimulator.platform/Developer/SDKs/iPhoneSimulator26.5.sdk --platform ios --output-partial-info-plist /Users/logansu/Library/Developer/Xcode/DerivedData/Echo-awzgiadvdwbqtdciilaczfrndbdg/Build/Intermediates.noindex/Echo.build/Debug-iphonesimulator/Echo.build/MobileCLIP-B-lt_image-CoreMLPartialInfo.plist --container bundle-resources --language Swift --swift-version 6.0

ExecuteExternalTool /Applications/Xcode.app/Contents/Developer/Toolchains/XcodeDefault.xctoolchain/usr/bin/coremlc generate /Users/logansu/Documents/Dev/SwiftProjects/Echo/Echo/Resources/Models/MobileCLIP-B-lt_text.mlpackage /Users/logansu/Library/Developer/Xcode/DerivedData/Echo-awzgiadvdwbqtdciilaczfrndbdg/Build/Intermediates.noindex/Echo.build/Debug-iphonesimulator/Echo.build/DerivedSources/CoreMLGenerated/MobileCLIP-B-lt_text --dry-run yes --deployment-target 18.0 --sdkroot /Applications/Xcode.app/Contents/Developer/Platforms/iPhoneSimulator.platform/Developer/SDKs/iPhoneSimulator26.5.sdk --platform ios --output-partial-info-plist /Users/logansu/Library/Developer/Xcode/DerivedData/Echo-awzgiadvdwbqtdciilaczfrndbdg/Build/Intermediates.noindex/Echo.build/Debug-iphonesimulator/Echo.build/MobileCLIP-B-lt_text-CoreMLPartialInfo.plist --container bundle-resources --language Swift --swift-version 6.0

ExecuteExternalTool /Applications/Xcode.app/Contents/Developer/Toolchains/XcodeDefault.xctoolchain/usr/bin/coremlc generate /Users/logansu/Documents/Dev/SwiftProjects/Echo/Echo/Resources/Models/MultilingualE5Small.mlpackage /Users/logansu/Library/Developer/Xcode/DerivedData/Echo-awzgiadvdwbqtdciilaczfrndbdg/Build/Intermediates.noindex/Echo.build/Debug-iphonesimulator/Echo.build/DerivedSources/CoreMLGenerated/MultilingualE5Small --dry-run yes --deployment-target 18.0 --sdkroot /Applications/Xcode.app/Contents/Developer/Platforms/iPhoneSimulator.platform/Developer/SDKs/iPhoneSimulator26.5.sdk --platform ios --output-partial-info-plist /Users/logansu/Library/Developer/Xcode/DerivedData/Echo-awzgiadvdwbqtdciilaczfrndbdg/Build/Intermediates.noindex/Echo.build/Debug-iphonesimulator/Echo.build/MultilingualE5Small-CoreMLPartialInfo.plist --container bundle-resources --language Swift --swift-version 6.0

ExecuteExternalTool /Applications/Xcode.app/Contents/Developer/usr/bin/actool --print-asset-tag-combinations --output-format xml1 /Users/logansu/Documents/Dev/SwiftProjects/Echo/Echo/Assets.xcassets

ExecuteExternalTool /Applications/Xcode.app/Contents/Developer/usr/bin/actool --version --output-format xml1

Build description signature: b9fa4c8670a4ef97d09ba80b11d36056
Build description path: /Users/logansu/Library/Developer/Xcode/DerivedData/Echo-awzgiadvdwbqtdciilaczfrndbdg/Build/Intermediates.noindex/XCBuildData/b9fa4c8670a4ef97d09ba80b11d36056.xcbuilddata
ClangStatCache /Applications/Xcode.app/Contents/Developer/Toolchains/XcodeDefault.xctoolchain/usr/bin/clang-stat-cache /Applications/Xcode.app/Contents/Developer/Platforms/iPhoneSimulator.platform/Developer/SDKs/iPhoneSimulator26.5.sdk /Users/logansu/Library/Developer/Xcode/DerivedData/SDKStatCaches.noindex/iphonesimulator26.5-23F73-6cfe768891a92b912361537c460fe42b.sdkstatcache
    cd /Users/logansu/Documents/Dev/SwiftProjects/Echo/Echo.xcodeproj
    /Applications/Xcode.app/Contents/Developer/Toolchains/XcodeDefault.xctoolchain/usr/bin/clang-stat-cache /Applications/Xcode.app/Contents/Developer/Platforms/iPhoneSimulator.platform/Developer/SDKs/iPhoneSimulator26.5.sdk -o /Users/logansu/Library/Developer/Xcode/DerivedData/SDKStatCaches.noindex/iphonesimulator26.5-23F73-6cfe768891a92b912361537c460fe42b.sdkstatcache

CreateBuildDirectory /Users/logansu/Library/Developer/Xcode/DerivedData/Echo-awzgiadvdwbqtdciilaczfrndbdg/Build/Products
    cd /Users/logansu/Documents/Dev/SwiftProjects/Echo/Echo.xcodeproj
    builtin-create-build-directory /Users/logansu/Library/Developer/Xcode/DerivedData/Echo-awzgiadvdwbqtdciilaczfrndbdg/Build/Products

CreateBuildDirectory /Users/logansu/Library/Developer/Xcode/DerivedData/Echo-awzgiadvdwbqtdciilaczfrndbdg/Build/Intermediates.noindex
    cd /Users/logansu/Documents/Dev/SwiftProjects/Echo/Echo.xcodeproj
    builtin-create-build-directory /Users/logansu/Library/Developer/Xcode/DerivedData/Echo-awzgiadvdwbqtdciilaczfrndbdg/Build/Intermediates.noindex

CreateBuildDirectory /Users/logansu/Library/Developer/Xcode/DerivedData/Echo-awzgiadvdwbqtdciilaczfrndbdg/Build/Intermediates.noindex/SwiftExplicitPrecompiledModules
    cd /Users/logansu/Documents/Dev/SwiftProjects/Echo/Echo.xcodeproj
    builtin-create-build-directory /Users/logansu/Library/Developer/Xcode/DerivedData/Echo-awzgiadvdwbqtdciilaczfrndbdg/Build/Intermediates.noindex/SwiftExplicitPrecompiledModules

CreateBuildDirectory /Users/logansu/Library/Developer/Xcode/DerivedData/Echo-awzgiadvdwbqtdciilaczfrndbdg/Build/Products/Debug-iphonesimulator
    cd /Users/logansu/Documents/Dev/SwiftProjects/Echo/Echo.xcodeproj
    builtin-create-build-directory /Users/logansu/Library/Developer/Xcode/DerivedData/Echo-awzgiadvdwbqtdciilaczfrndbdg/Build/Products/Debug-iphonesimulator

CreateBuildDirectory /Users/logansu/Library/Developer/Xcode/DerivedData/Echo-awzgiadvdwbqtdciilaczfrndbdg/Build/Intermediates.noindex/EagerLinkingTBDs/Debug-iphonesimulator
    cd /Users/logansu/Documents/Dev/SwiftProjects/Echo/Echo.xcodeproj
    builtin-create-build-directory /Users/logansu/Library/Developer/Xcode/DerivedData/Echo-awzgiadvdwbqtdciilaczfrndbdg/Build/Intermediates.noindex/EagerLinkingTBDs/Debug-iphonesimulator

CreateBuildDirectory /Users/logansu/Library/Developer/Xcode/DerivedData/Echo-awzgiadvdwbqtdciilaczfrndbdg/Build/Intermediates.noindex/ExplicitPrecompiledModules
    cd /Users/logansu/Documents/Dev/SwiftProjects/Echo/Echo.xcodeproj
    builtin-create-build-directory /Users/logansu/Library/Developer/Xcode/DerivedData/Echo-awzgiadvdwbqtdciilaczfrndbdg/Build/Intermediates.noindex/ExplicitPrecompiledModules

WriteAuxiliaryFile /Users/logansu/Library/Developer/Xcode/DerivedData/Echo-awzgiadvdwbqtdciilaczfrndbdg/Build/Intermediates.noindex/Echo.build/Debug-iphonesimulator/Echo-ffb9939ae8ba03680559e8bc801c82d5-VFS-iphonesimulator/all-product-headers.yaml
    cd /Users/logansu/Documents/Dev/SwiftProjects/Echo/Echo.xcodeproj
    write-file /Users/logansu/Library/Developer/Xcode/DerivedData/Echo-awzgiadvdwbqtdciilaczfrndbdg/Build/Intermediates.noindex/Echo.build/Debug-iphonesimulator/Echo-ffb9939ae8ba03680559e8bc801c82d5-VFS-iphonesimulator/all-product-headers.yaml

CreateBuildDirectory /Users/logansu/Library/Developer/Xcode/DerivedData/Echo-awzgiadvdwbqtdciilaczfrndbdg/Build/Products/Debug-iphonesimulator/PackageFrameworks
    cd /Users/logansu/Documents/Dev/SwiftProjects/Echo/Echo.xcodeproj
    builtin-create-build-directory /Users/logansu/Library/Developer/Xcode/DerivedData/Echo-awzgiadvdwbqtdciilaczfrndbdg/Build/Products/Debug-iphonesimulator/PackageFrameworks

WriteAuxiliaryFile /Users/logansu/Library/Developer/Xcode/DerivedData/Echo-awzgiadvdwbqtdciilaczfrndbdg/Build/Intermediates.noindex/ProximaKit.build/Debug-iphonesimulator/ProximaKit.build/ProximaKit.DependencyMetadataFileList (in target 'ProximaKit' from project 'ProximaKit')
    cd /Users/logansu/Library/Developer/Xcode/DerivedData/Echo-awzgiadvdwbqtdciilaczfrndbdg/SourcePackages/checkouts/ProximaKit
    write-file /Users/logansu/Library/Developer/Xcode/DerivedData/Echo-awzgiadvdwbqtdciilaczfrndbdg/Build/Intermediates.noindex/ProximaKit.build/Debug-iphonesimulator/ProximaKit.build/ProximaKit.DependencyMetadataFileList

WriteAuxiliaryFile /Users/logansu/Library/Developer/Xcode/DerivedData/Echo-awzgiadvdwbqtdciilaczfrndbdg/Build/Intermediates.noindex/ProximaKit.build/Debug-iphonesimulator/ProximaKit.build/ProximaKit.DependencyStaticMetadataFileList (in target 'ProximaKit' from project 'ProximaKit')
    cd /Users/logansu/Library/Developer/Xcode/DerivedData/Echo-awzgiadvdwbqtdciilaczfrndbdg/SourcePackages/checkouts/ProximaKit
    write-file /Users/logansu/Library/Developer/Xcode/DerivedData/Echo-awzgiadvdwbqtdciilaczfrndbdg/Build/Intermediates.noindex/ProximaKit.build/Debug-iphonesimulator/ProximaKit.build/ProximaKit.DependencyStaticMetadataFileList

WriteAuxiliaryFile /Users/logansu/Library/Developer/Xcode/DerivedData/Echo-awzgiadvdwbqtdciilaczfrndbdg/Build/Intermediates.noindex/ProximaKit.build/Debug-iphonesimulator/ProximaKit.build/ProximaKit.modulemap (in target 'ProximaKit' from project 'ProximaKit')
    cd /Users/logansu/Library/Developer/Xcode/DerivedData/Echo-awzgiadvdwbqtdciilaczfrndbdg/SourcePackages/checkouts/ProximaKit
    write-file /Users/logansu/Library/Developer/Xcode/DerivedData/Echo-awzgiadvdwbqtdciilaczfrndbdg/Build/Intermediates.noindex/ProximaKit.build/Debug-iphonesimulator/ProximaKit.build/ProximaKit.modulemap

WriteAuxiliaryFile /Users/logansu/Library/Developer/Xcode/DerivedData/Echo-awzgiadvdwbqtdciilaczfrndbdg/Build/Intermediates.noindex/ProximaKit.build/Debug-iphonesimulator/ProximaKit.build/Objects-normal/arm64/ProximaKit.SwiftFileList (in target 'ProximaKit' from project 'ProximaKit')
    cd /Users/logansu/Library/Developer/Xcode/DerivedData/Echo-awzgiadvdwbqtdciilaczfrndbdg/SourcePackages/checkouts/ProximaKit
    write-file /Users/logansu/Library/Developer/Xcode/DerivedData/Echo-awzgiadvdwbqtdciilaczfrndbdg/Build/Intermediates.noindex/ProximaKit.build/Debug-iphonesimulator/ProximaKit.build/Objects-normal/arm64/ProximaKit.SwiftFileList

WriteAuxiliaryFile /Users/logansu/Library/Developer/Xcode/DerivedData/Echo-awzgiadvdwbqtdciilaczfrndbdg/Build/Intermediates.noindex/ProximaKit.build/Debug-iphonesimulator/ProximaKit.build/Objects-normal/arm64/ProximaKit_const_extract_protocols.json (in target 'ProximaKit' from project 'ProximaKit')
    cd /Users/logansu/Library/Developer/Xcode/DerivedData/Echo-awzgiadvdwbqtdciilaczfrndbdg/SourcePackages/checkouts/ProximaKit
    write-file /Users/logansu/Library/Developer/Xcode/DerivedData/Echo-awzgiadvdwbqtdciilaczfrndbdg/Build/Intermediates.noindex/ProximaKit.build/Debug-iphonesimulator/ProximaKit.build/Objects-normal/arm64/ProximaKit_const_extract_protocols.json

WriteAuxiliaryFile /Users/logansu/Library/Developer/Xcode/DerivedData/Echo-awzgiadvdwbqtdciilaczfrndbdg/Build/Intermediates.noindex/ProximaKit.build/Debug-iphonesimulator/ProximaKit.build/Objects-normal/arm64/ProximaKit.SwiftConstValuesFileList (in target 'ProximaKit' from project 'ProximaKit')
    cd /Users/logansu/Library/Developer/Xcode/DerivedData/Echo-awzgiadvdwbqtdciilaczfrndbdg/SourcePackages/checkouts/ProximaKit
    write-file /Users/logansu/Library/Developer/Xcode/DerivedData/Echo-awzgiadvdwbqtdciilaczfrndbdg/Build/Intermediates.noindex/ProximaKit.build/Debug-iphonesimulator/ProximaKit.build/Objects-normal/arm64/ProximaKit.SwiftConstValuesFileList

WriteAuxiliaryFile /Users/logansu/Library/Developer/Xcode/DerivedData/Echo-awzgiadvdwbqtdciilaczfrndbdg/Build/Intermediates.noindex/ProximaKit.build/Debug-iphonesimulator/ProximaKit.build/Objects-normal/arm64/ProximaKit.LinkFileList (in target 'ProximaKit' from project 'ProximaKit')
    cd /Users/logansu/Library/Developer/Xcode/DerivedData/Echo-awzgiadvdwbqtdciilaczfrndbdg/SourcePackages/checkouts/ProximaKit
    write-file /Users/logansu/Library/Developer/Xcode/DerivedData/Echo-awzgiadvdwbqtdciilaczfrndbdg/Build/Intermediates.noindex/ProximaKit.build/Debug-iphonesimulator/ProximaKit.build/Objects-normal/arm64/ProximaKit.LinkFileList

WriteAuxiliaryFile /Users/logansu/Library/Developer/Xcode/DerivedData/Echo-awzgiadvdwbqtdciilaczfrndbdg/Build/Intermediates.noindex/ProximaKit.build/Debug-iphonesimulator/ProximaKit.build/Objects-normal/arm64/ProximaKit-OutputFileMap.json (in target 'ProximaKit' from project 'ProximaKit')
    cd /Users/logansu/Library/Developer/Xcode/DerivedData/Echo-awzgiadvdwbqtdciilaczfrndbdg/SourcePackages/checkouts/ProximaKit
    write-file /Users/logansu/Library/Developer/Xcode/DerivedData/Echo-awzgiadvdwbqtdciilaczfrndbdg/Build/Intermediates.noindex/ProximaKit.build/Debug-iphonesimulator/ProximaKit.build/Objects-normal/arm64/ProximaKit-OutputFileMap.json

WriteAuxiliaryFile /Users/logansu/Library/Developer/Xcode/DerivedData/Echo-awzgiadvdwbqtdciilaczfrndbdg/Build/Intermediates.noindex/Echo.build/Debug-iphonesimulator/Echo.build/ff102b281b0b15acf540c56aee08facf.sb (in target 'Echo' from project 'Echo')
    cd /Users/logansu/Documents/Dev/SwiftProjects/Echo
    write-file /Users/logansu/Library/Developer/Xcode/DerivedData/Echo-awzgiadvdwbqtdciilaczfrndbdg/Build/Intermediates.noindex/Echo.build/Debug-iphonesimulator/Echo.build/ff102b281b0b15acf540c56aee08facf.sb

Copy /Users/logansu/Library/Developer/Xcode/DerivedData/Echo-awzgiadvdwbqtdciilaczfrndbdg/Build/Intermediates.noindex/GeneratedModuleMaps-iphonesimulator/ProximaKit.modulemap /Users/logansu/Library/Developer/Xcode/DerivedData/Echo-awzgiadvdwbqtdciilaczfrndbdg/Build/Intermediates.noindex/ProximaKit.build/Debug-iphonesimulator/ProximaKit.build/ProximaKit.modulemap (in target 'ProximaKit' from project 'ProximaKit')
    cd /Users/logansu/Library/Developer/Xcode/DerivedData/Echo-awzgiadvdwbqtdciilaczfrndbdg/SourcePackages/checkouts/ProximaKit
    builtin-copy -exclude .DS_Store -exclude CVS -exclude .svn -exclude .git -exclude .hg -resolve-src-symlinks /Users/logansu/Library/Developer/Xcode/DerivedData/Echo-awzgiadvdwbqtdciilaczfrndbdg/Build/Intermediates.noindex/ProximaKit.build/Debug-iphonesimulator/ProximaKit.build/ProximaKit.modulemap /Users/logansu/Library/Developer/Xcode/DerivedData/Echo-awzgiadvdwbqtdciilaczfrndbdg/Build/Intermediates.noindex/GeneratedModuleMaps-iphonesimulator

WriteAuxiliaryFile /Users/logansu/Library/Developer/Xcode/DerivedData/Echo-awzgiadvdwbqtdciilaczfrndbdg/Build/Intermediates.noindex/Echo.build/Debug-iphonesimulator/Echo.build/empty-Echo.plist (in target 'Echo' from project 'Echo')
    cd /Users/logansu/Documents/Dev/SwiftProjects/Echo
    write-file /Users/logansu/Library/Developer/Xcode/DerivedData/Echo-awzgiadvdwbqtdciilaczfrndbdg/Build/Intermediates.noindex/Echo.build/Debug-iphonesimulator/Echo.build/empty-Echo.plist

WriteAuxiliaryFile /Users/logansu/Library/Developer/Xcode/DerivedData/Echo-awzgiadvdwbqtdciilaczfrndbdg/Build/Intermediates.noindex/Echo.build/Debug-iphonesimulator/Echo.build/daff549f7380fa0e8f60433206e05e02.sb (in target 'Echo' from project 'Echo')
    cd /Users/logansu/Documents/Dev/SwiftProjects/Echo
    write-file /Users/logansu/Library/Developer/Xcode/DerivedData/Echo-awzgiadvdwbqtdciilaczfrndbdg/Build/Intermediates.noindex/Echo.build/Debug-iphonesimulator/Echo.build/daff549f7380fa0e8f60433206e05e02.sb

WriteAuxiliaryFile /Users/logansu/Library/Developer/Xcode/DerivedData/Echo-awzgiadvdwbqtdciilaczfrndbdg/Build/Intermediates.noindex/Echo.build/Debug-iphonesimulator/Echo.build/a96c4c65ef505b0bcee62847a3e4eb17.sb (in target 'Echo' from project 'Echo')
    cd /Users/logansu/Documents/Dev/SwiftProjects/Echo
    write-file /Users/logansu/Library/Developer/Xcode/DerivedData/Echo-awzgiadvdwbqtdciilaczfrndbdg/Build/Intermediates.noindex/Echo.build/Debug-iphonesimulator/Echo.build/a96c4c65ef505b0bcee62847a3e4eb17.sb

WriteAuxiliaryFile /Users/logansu/Library/Developer/Xcode/DerivedData/Echo-awzgiadvdwbqtdciilaczfrndbdg/Build/Intermediates.noindex/Echo.build/Debug-iphonesimulator/Echo.build/be09825bf24b352148d795789ec78a40.sb (in target 'Echo' from project 'Echo')
    cd /Users/logansu/Documents/Dev/SwiftProjects/Echo
    write-file /Users/logansu/Library/Developer/Xcode/DerivedData/Echo-awzgiadvdwbqtdciilaczfrndbdg/Build/Intermediates.noindex/Echo.build/Debug-iphonesimulator/Echo.build/be09825bf24b352148d795789ec78a40.sb

WriteAuxiliaryFile /Users/logansu/Library/Developer/Xcode/DerivedData/Echo-awzgiadvdwbqtdciilaczfrndbdg/Build/Intermediates.noindex/Echo.build/Debug-iphonesimulator/Echo.build/Objects-normal/arm64/Echo_const_extract_protocols.json (in target 'Echo' from project 'Echo')
    cd /Users/logansu/Documents/Dev/SwiftProjects/Echo
    write-file /Users/logansu/Library/Developer/Xcode/DerivedData/Echo-awzgiadvdwbqtdciilaczfrndbdg/Build/Intermediates.noindex/Echo.build/Debug-iphonesimulator/Echo.build/Objects-normal/arm64/Echo_const_extract_protocols.json

WriteAuxiliaryFile /Users/logansu/Library/Developer/Xcode/DerivedData/Echo-awzgiadvdwbqtdciilaczfrndbdg/Build/Intermediates.noindex/Echo.build/Debug-iphonesimulator/Echo.build/Objects-normal/arm64/Echo.SwiftFileList (in target 'Echo' from project 'Echo')
    cd /Users/logansu/Documents/Dev/SwiftProjects/Echo
    write-file /Users/logansu/Library/Developer/Xcode/DerivedData/Echo-awzgiadvdwbqtdciilaczfrndbdg/Build/Intermediates.noindex/Echo.build/Debug-iphonesimulator/Echo.build/Objects-normal/arm64/Echo.SwiftFileList

WriteAuxiliaryFile /Users/logansu/Library/Developer/Xcode/DerivedData/Echo-awzgiadvdwbqtdciilaczfrndbdg/Build/Intermediates.noindex/Echo.build/Debug-iphonesimulator/Echo.build/Objects-normal/arm64/Echo.SwiftConstValuesFileList (in target 'Echo' from project 'Echo')
    cd /Users/logansu/Documents/Dev/SwiftProjects/Echo
    write-file /Users/logansu/Library/Developer/Xcode/DerivedData/Echo-awzgiadvdwbqtdciilaczfrndbdg/Build/Intermediates.noindex/Echo.build/Debug-iphonesimulator/Echo.build/Objects-normal/arm64/Echo.SwiftConstValuesFileList

WriteAuxiliaryFile /Users/logansu/Library/Developer/Xcode/DerivedData/Echo-awzgiadvdwbqtdciilaczfrndbdg/Build/Intermediates.noindex/Echo.build/Debug-iphonesimulator/Echo.build/Objects-normal/arm64/Echo.LinkFileList (in target 'Echo' from project 'Echo')
    cd /Users/logansu/Documents/Dev/SwiftProjects/Echo
    write-file /Users/logansu/Library/Developer/Xcode/DerivedData/Echo-awzgiadvdwbqtdciilaczfrndbdg/Build/Intermediates.noindex/Echo.build/Debug-iphonesimulator/Echo.build/Objects-normal/arm64/Echo.LinkFileList

WriteAuxiliaryFile /Users/logansu/Library/Developer/Xcode/DerivedData/Echo-awzgiadvdwbqtdciilaczfrndbdg/Build/Intermediates.noindex/Echo.build/Debug-iphonesimulator/Echo.build/Objects-normal/arm64/Echo-OutputFileMap.json (in target 'Echo' from project 'Echo')
    cd /Users/logansu/Documents/Dev/SwiftProjects/Echo
    write-file /Users/logansu/Library/Developer/Xcode/DerivedData/Echo-awzgiadvdwbqtdciilaczfrndbdg/Build/Intermediates.noindex/Echo.build/Debug-iphonesimulator/Echo.build/Objects-normal/arm64/Echo-OutputFileMap.json

WriteAuxiliaryFile /Users/logansu/Library/Developer/Xcode/DerivedData/Echo-awzgiadvdwbqtdciilaczfrndbdg/Build/Intermediates.noindex/Echo.build/Debug-iphonesimulator/Echo.build/Echo.hmap (in target 'Echo' from project 'Echo')
    cd /Users/logansu/Documents/Dev/SwiftProjects/Echo
    write-file /Users/logansu/Library/Developer/Xcode/DerivedData/Echo-awzgiadvdwbqtdciilaczfrndbdg/Build/Intermediates.noindex/Echo.build/Debug-iphonesimulator/Echo.build/Echo.hmap

WriteAuxiliaryFile /Users/logansu/Library/Developer/Xcode/DerivedData/Echo-awzgiadvdwbqtdciilaczfrndbdg/Build/Intermediates.noindex/Echo.build/Debug-iphonesimulator/Echo.build/Echo.DependencyStaticMetadataFileList (in target 'Echo' from project 'Echo')
    cd /Users/logansu/Documents/Dev/SwiftProjects/Echo
    write-file /Users/logansu/Library/Developer/Xcode/DerivedData/Echo-awzgiadvdwbqtdciilaczfrndbdg/Build/Intermediates.noindex/Echo.build/Debug-iphonesimulator/Echo.build/Echo.DependencyStaticMetadataFileList

WriteAuxiliaryFile /Users/logansu/Library/Developer/Xcode/DerivedData/Echo-awzgiadvdwbqtdciilaczfrndbdg/Build/Intermediates.noindex/Echo.build/Debug-iphonesimulator/Echo.build/Echo.DependencyMetadataFileList (in target 'Echo' from project 'Echo')
    cd /Users/logansu/Documents/Dev/SwiftProjects/Echo
    write-file /Users/logansu/Library/Developer/Xcode/DerivedData/Echo-awzgiadvdwbqtdciilaczfrndbdg/Build/Intermediates.noindex/Echo.build/Debug-iphonesimulator/Echo.build/Echo.DependencyMetadataFileList

WriteAuxiliaryFile /Users/logansu/Library/Developer/Xcode/DerivedData/Echo-awzgiadvdwbqtdciilaczfrndbdg/Build/Intermediates.noindex/Echo.build/Debug-iphonesimulator/Echo.build/Echo-own-target-headers.hmap (in target 'Echo' from project 'Echo')
    cd /Users/logansu/Documents/Dev/SwiftProjects/Echo
    write-file /Users/logansu/Library/Developer/Xcode/DerivedData/Echo-awzgiadvdwbqtdciilaczfrndbdg/Build/Intermediates.noindex/Echo.build/Debug-iphonesimulator/Echo.build/Echo-own-target-headers.hmap

WriteAuxiliaryFile /Users/logansu/Library/Developer/Xcode/DerivedData/Echo-awzgiadvdwbqtdciilaczfrndbdg/Build/Intermediates.noindex/Echo.build/Debug-iphonesimulator/Echo.build/Echo-project-headers.hmap (in target 'Echo' from project 'Echo')
    cd /Users/logansu/Documents/Dev/SwiftProjects/Echo
    write-file /Users/logansu/Library/Developer/Xcode/DerivedData/Echo-awzgiadvdwbqtdciilaczfrndbdg/Build/Intermediates.noindex/Echo.build/Debug-iphonesimulator/Echo.build/Echo-project-headers.hmap

WriteAuxiliaryFile /Users/logansu/Library/Developer/Xcode/DerivedData/Echo-awzgiadvdwbqtdciilaczfrndbdg/Build/Intermediates.noindex/Echo.build/Debug-iphonesimulator/Echo.build/Echo-generated-files.hmap (in target 'Echo' from project 'Echo')
    cd /Users/logansu/Documents/Dev/SwiftProjects/Echo
    write-file /Users/logansu/Library/Developer/Xcode/DerivedData/Echo-awzgiadvdwbqtdciilaczfrndbdg/Build/Intermediates.noindex/Echo.build/Debug-iphonesimulator/Echo.build/Echo-generated-files.hmap

WriteAuxiliaryFile /Users/logansu/Library/Developer/Xcode/DerivedData/Echo-awzgiadvdwbqtdciilaczfrndbdg/Build/Intermediates.noindex/Echo.build/Debug-iphonesimulator/Echo.build/Echo-all-target-headers.hmap (in target 'Echo' from project 'Echo')
    cd /Users/logansu/Documents/Dev/SwiftProjects/Echo
    write-file /Users/logansu/Library/Developer/Xcode/DerivedData/Echo-awzgiadvdwbqtdciilaczfrndbdg/Build/Intermediates.noindex/Echo.build/Debug-iphonesimulator/Echo.build/Echo-all-target-headers.hmap

WriteAuxiliaryFile /Users/logansu/Library/Developer/Xcode/DerivedData/Echo-awzgiadvdwbqtdciilaczfrndbdg/Build/Intermediates.noindex/Echo.build/Debug-iphonesimulator/Echo.build/Echo-all-non-framework-target-headers.hmap (in target 'Echo' from project 'Echo')
    cd /Users/logansu/Documents/Dev/SwiftProjects/Echo
    write-file /Users/logansu/Library/Developer/Xcode/DerivedData/Echo-awzgiadvdwbqtdciilaczfrndbdg/Build/Intermediates.noindex/Echo.build/Debug-iphonesimulator/Echo.build/Echo-all-non-framework-target-headers.hmap

WriteAuxiliaryFile /Users/logansu/Library/Developer/Xcode/DerivedData/Echo-awzgiadvdwbqtdciilaczfrndbdg/Build/Intermediates.noindex/Echo.build/Debug-iphonesimulator/Echo.build/Echo-DebugDylibInstallName-normal-arm64.txt (in target 'Echo' from project 'Echo')
    cd /Users/logansu/Documents/Dev/SwiftProjects/Echo
    write-file /Users/logansu/Library/Developer/Xcode/DerivedData/Echo-awzgiadvdwbqtdciilaczfrndbdg/Build/Intermediates.noindex/Echo.build/Debug-iphonesimulator/Echo.build/Echo-DebugDylibInstallName-normal-arm64.txt

WriteAuxiliaryFile /Users/logansu/Library/Developer/Xcode/DerivedData/Echo-awzgiadvdwbqtdciilaczfrndbdg/Build/Intermediates.noindex/Echo.build/Debug-iphonesimulator/Echo.build/Echo-DebugDylibPath-normal-arm64.txt (in target 'Echo' from project 'Echo')
    cd /Users/logansu/Documents/Dev/SwiftProjects/Echo
    write-file /Users/logansu/Library/Developer/Xcode/DerivedData/Echo-awzgiadvdwbqtdciilaczfrndbdg/Build/Intermediates.noindex/Echo.build/Debug-iphonesimulator/Echo.build/Echo-DebugDylibPath-normal-arm64.txt

WriteAuxiliaryFile /Users/logansu/Library/Developer/Xcode/DerivedData/Echo-awzgiadvdwbqtdciilaczfrndbdg/Build/Intermediates.noindex/Echo.build/Debug-iphonesimulator/Echo.build/DerivedSources/Entitlements-Simulated.plist (in target 'Echo' from project 'Echo')
    cd /Users/logansu/Documents/Dev/SwiftProjects/Echo
    write-file /Users/logansu/Library/Developer/Xcode/DerivedData/Echo-awzgiadvdwbqtdciilaczfrndbdg/Build/Intermediates.noindex/Echo.build/Debug-iphonesimulator/Echo.build/DerivedSources/Entitlements-Simulated.plist

WriteAuxiliaryFile /Users/logansu/Library/Developer/Xcode/DerivedData/Echo-awzgiadvdwbqtdciilaczfrndbdg/Build/Intermediates.noindex/Echo.build/Debug-iphonesimulator/Echo.build/7d0f02554662cbb7339d8ba393dc6e28.sb (in target 'Echo' from project 'Echo')
    cd /Users/logansu/Documents/Dev/SwiftProjects/Echo
    write-file /Users/logansu/Library/Developer/Xcode/DerivedData/Echo-awzgiadvdwbqtdciilaczfrndbdg/Build/Intermediates.noindex/Echo.build/Debug-iphonesimulator/Echo.build/7d0f02554662cbb7339d8ba393dc6e28.sb

WriteAuxiliaryFile /Users/logansu/Library/Developer/Xcode/DerivedData/Echo-awzgiadvdwbqtdciilaczfrndbdg/Build/Intermediates.noindex/Echo.build/Debug-iphonesimulator/Echo.build/6a2c9eea2b0bd37b45cd96d077d4634d.sb (in target 'Echo' from project 'Echo')
    cd /Users/logansu/Documents/Dev/SwiftProjects/Echo
    write-file /Users/logansu/Library/Developer/Xcode/DerivedData/Echo-awzgiadvdwbqtdciilaczfrndbdg/Build/Intermediates.noindex/Echo.build/Debug-iphonesimulator/Echo.build/6a2c9eea2b0bd37b45cd96d077d4634d.sb

MkDir /Users/logansu/Library/Developer/Xcode/DerivedData/Echo-awzgiadvdwbqtdciilaczfrndbdg/Build/Products/Debug-iphonesimulator/Echo.app (in target 'Echo' from project 'Echo')
    cd /Users/logansu/Documents/Dev/SwiftProjects/Echo
    /bin/mkdir -p /Users/logansu/Library/Developer/Xcode/DerivedData/Echo-awzgiadvdwbqtdciilaczfrndbdg/Build/Products/Debug-iphonesimulator/Echo.app

SwiftDriver ProximaKit normal arm64 com.apple.xcode.tools.swift.compiler (in target 'ProximaKit' from project 'ProximaKit')
    cd /Users/logansu/Documents/Dev/SwiftProjects/Echo/Echo.xcodeproj
    builtin-SwiftDriver -- /Applications/Xcode.app/Contents/Developer/Toolchains/XcodeDefault.xctoolchain/usr/bin/swiftc -module-name ProximaKit -Onone @/Users/logansu/Library/Developer/Xcode/DerivedData/Echo-awzgiadvdwbqtdciilaczfrndbdg/Build/Intermediates.noindex/ProximaKit.build/Debug-iphonesimulator/ProximaKit.build/Objects-normal/arm64/ProximaKit.SwiftFileList -DSWIFT_PACKAGE -DDEBUG -DSWIFT_MODULE_RESOURCE_BUNDLE_UNAVAILABLE -DXcode -enable-experimental-feature StrictConcurrency -plugin-path /Applications/Xcode.app/Contents/Developer/Toolchains/XcodeDefault.xctoolchain/usr/lib/swift/host/plugins/testing -enable-experimental-feature DebugDescriptionMacro -sdk /Applications/Xcode.app/Contents/Developer/Platforms/iPhoneSimulator.platform/Developer/SDKs/iPhoneSimulator26.5.sdk -target arm64-apple-ios17.0-simulator -g -module-cache-path /Users/logansu/Library/Developer/Xcode/DerivedData/ModuleCache.noindex -Xfrontend -serialize-debugging-options -profile-coverage-mapping -profile-generate -enable-testing -suppress-warnings -index-store-path /Users/logansu/Library/Developer/Xcode/DerivedData/Echo-awzgiadvdwbqtdciilaczfrndbdg/Index.noindex/DataStore -Xcc -D_LIBCPP_HARDENING_MODE\=_LIBCPP_HARDENING_MODE_DEBUG -swift-version 5 -I /Users/logansu/Library/Developer/Xcode/DerivedData/Echo-awzgiadvdwbqtdciilaczfrndbdg/Build/Products/Debug-iphonesimulator -Isystem /Applications/Xcode.app/Contents/Developer/Platforms/iPhoneSimulator.platform/Developer/usr/lib -F /Users/logansu/Library/Developer/Xcode/DerivedData/Echo-awzgiadvdwbqtdciilaczfrndbdg/Build/Products/Debug-iphonesimulator -F /Applications/Xcode.app/Contents/Developer/Platforms/iPhoneSimulator.platform/Developer/Library/Frameworks -F /Applications/Xcode.app/Contents/Developer/Platforms/iPhoneSimulator.platform/Developer/SDKs/iPhoneSimulator26.5.sdk/Developer/Library/Frameworks -c -j8 -enable-batch-mode -incremental -Xcc -ivfsstatcache -Xcc /Users/logansu/Library/Developer/Xcode/DerivedData/SDKStatCaches.noindex/iphonesimulator26.5-23F73-6cfe768891a92b912361537c460fe42b.sdkstatcache -output-file-map /Users/logansu/Library/Developer/Xcode/DerivedData/Echo-awzgiadvdwbqtdciilaczfrndbdg/Build/Intermediates.noindex/ProximaKit.build/Debug-iphonesimulator/ProximaKit.build/Objects-normal/arm64/ProximaKit-OutputFileMap.json -use-frontend-parseable-output -save-temps -no-color-diagnostics -explicit-module-build -module-cache-path /Users/logansu/Library/Developer/Xcode/DerivedData/Echo-awzgiadvdwbqtdciilaczfrndbdg/Build/Intermediates.noindex/SwiftExplicitPrecompiledModules -clang-scanner-module-cache-path /Users/logansu/Library/Developer/Xcode/DerivedData/ModuleCache.noindex -sdk-module-cache-path /Users/logansu/Library/Developer/Xcode/DerivedData/ModuleCache.noindex -serialize-diagnostics -emit-dependencies -emit-module -emit-module-path /Users/logansu/Library/Developer/Xcode/DerivedData/Echo-awzgiadvdwbqtdciilaczfrndbdg/Build/Intermediates.noindex/ProximaKit.build/Debug-iphonesimulator/ProximaKit.build/Objects-normal/arm64/ProximaKit.swiftmodule -validate-clang-modules-once -clang-build-session-file /Users/logansu/Library/Developer/Xcode/DerivedData/ModuleCache.noindex/Session.modulevalidation -package-name proximakit -Xcc -I/Users/logansu/Library/Developer/Xcode/DerivedData/Echo-awzgiadvdwbqtdciilaczfrndbdg/Build/Intermediates.noindex/ProximaKit.build/Debug-iphonesimulator/ProximaKit.build/swift-overrides.hmap -emit-const-values -Xfrontend -const-gather-protocols-file -Xfrontend /Users/logansu/Library/Developer/Xcode/DerivedData/Echo-awzgiadvdwbqtdciilaczfrndbdg/Build/Intermediates.noindex/ProximaKit.build/Debug-iphonesimulator/ProximaKit.build/Objects-normal/arm64/ProximaKit_const_extract_protocols.json -Xcc -I/Users/logansu/Library/Developer/Xcode/DerivedData/Echo-awzgiadvdwbqtdciilaczfrndbdg/Build/Products/Debug-iphonesimulator/include -Xcc -I/Users/logansu/Library/Developer/Xcode/DerivedData/Echo-awzgiadvdwbqtdciilaczfrndbdg/Build/Intermediates.noindex/ProximaKit.build/Debug-iphonesimulator/ProximaKit.build/DerivedSources-normal/arm64 -Xcc -I/Users/logansu/Library/Developer/Xcode/DerivedData/Echo-awzgiadvdwbqtdciilaczfrndbdg/Build/Intermediates.noindex/ProximaKit.build/Debug-iphonesimulator/ProximaKit.build/DerivedSources/arm64 -Xcc -I/Users/logansu/Library/Developer/Xcode/DerivedData/Echo-awzgiadvdwbqtdciilaczfrndbdg/Build/Intermediates.noindex/ProximaKit.build/Debug-iphonesimulator/ProximaKit.build/DerivedSources -Xcc -DSWIFT_PACKAGE -Xcc -DDEBUG\=1 -emit-objc-header -emit-objc-header-path /Users/logansu/Library/Developer/Xcode/DerivedData/Echo-awzgiadvdwbqtdciilaczfrndbdg/Build/Intermediates.noindex/ProximaKit.build/Debug-iphonesimulator/ProximaKit.build/Objects-normal/arm64/ProximaKit-Swift.h -working-directory /Users/logansu/Documents/Dev/SwiftProjects/Echo/Echo.xcodeproj -experimental-emit-module-separately -disable-cmo

SwiftCompile normal arm64 Compiling\ BatchDistance.swift,\ DistanceMetric.swift,\ DistanceMetricType.swift,\ MetalBatchDistance.swift,\ BM25Tokenizer.swift /Users/logansu/Library/Developer/Xcode/DerivedData/Echo-awzgiadvdwbqtdciilaczfrndbdg/SourcePackages/checkouts/ProximaKit/Sources/ProximaKit/Distance/BatchDistance.swift /Users/logansu/Library/Developer/Xcode/DerivedData/Echo-awzgiadvdwbqtdciilaczfrndbdg/SourcePackages/checkouts/ProximaKit/Sources/ProximaKit/Distance/DistanceMetric.swift /Users/logansu/Library/Developer/Xcode/DerivedData/Echo-awzgiadvdwbqtdciilaczfrndbdg/SourcePackages/checkouts/ProximaKit/Sources/ProximaKit/Distance/DistanceMetricType.swift /Users/logansu/Library/Developer/Xcode/DerivedData/Echo-awzgiadvdwbqtdciilaczfrndbdg/SourcePackages/checkouts/ProximaKit/Sources/ProximaKit/Distance/MetalBatchDistance.swift /Users/logansu/Library/Developer/Xcode/DerivedData/Echo-awzgiadvdwbqtdciilaczfrndbdg/SourcePackages/checkouts/ProximaKit/Sources/ProximaKit/Index/BM25Tokenizer.swift (in target 'ProximaKit' from project 'ProximaKit')

SwiftCompile normal arm64 /Users/logansu/Library/Developer/Xcode/DerivedData/Echo-awzgiadvdwbqtdciilaczfrndbdg/SourcePackages/checkouts/ProximaKit/Sources/ProximaKit/Distance/BatchDistance.swift (in target 'ProximaKit' from project 'ProximaKit')
    cd /Users/logansu/Documents/Dev/SwiftProjects/Echo/Echo.xcodeproj
    

SwiftCompile normal arm64 /Users/logansu/Library/Developer/Xcode/DerivedData/Echo-awzgiadvdwbqtdciilaczfrndbdg/SourcePackages/checkouts/ProximaKit/Sources/ProximaKit/Distance/DistanceMetric.swift (in target 'ProximaKit' from project 'ProximaKit')
    cd /Users/logansu/Documents/Dev/SwiftProjects/Echo/Echo.xcodeproj
    

SwiftCompile normal arm64 /Users/logansu/Library/Developer/Xcode/DerivedData/Echo-awzgiadvdwbqtdciilaczfrndbdg/SourcePackages/checkouts/ProximaKit/Sources/ProximaKit/Distance/DistanceMetricType.swift (in target 'ProximaKit' from project 'ProximaKit')
    cd /Users/logansu/Documents/Dev/SwiftProjects/Echo/Echo.xcodeproj
    

SwiftCompile normal arm64 /Users/logansu/Library/Developer/Xcode/DerivedData/Echo-awzgiadvdwbqtdciilaczfrndbdg/SourcePackages/checkouts/ProximaKit/Sources/ProximaKit/Distance/MetalBatchDistance.swift (in target 'ProximaKit' from project 'ProximaKit')
    cd /Users/logansu/Documents/Dev/SwiftProjects/Echo/Echo.xcodeproj
    

SwiftCompile normal arm64 /Users/logansu/Library/Developer/Xcode/DerivedData/Echo-awzgiadvdwbqtdciilaczfrndbdg/SourcePackages/checkouts/ProximaKit/Sources/ProximaKit/Index/BM25Tokenizer.swift (in target 'ProximaKit' from project 'ProximaKit')
    cd /Users/logansu/Documents/Dev/SwiftProjects/Echo/Echo.xcodeproj
    

SwiftCompile normal arm64 Compiling\ BruteForceIndex.swift,\ HNSWIndex.swift,\ Heap.swift,\ HybridIndex.swift,\ QuantizedHNSWIndex.swift /Users/logansu/Library/Developer/Xcode/DerivedData/Echo-awzgiadvdwbqtdciilaczfrndbdg/SourcePackages/checkouts/ProximaKit/Sources/ProximaKit/Index/BruteForceIndex.swift /Users/logansu/Library/Developer/Xcode/DerivedData/Echo-awzgiadvdwbqtdciilaczfrndbdg/SourcePackages/checkouts/ProximaKit/Sources/ProximaKit/Index/HNSWIndex.swift /Users/logansu/Library/Developer/Xcode/DerivedData/Echo-awzgiadvdwbqtdciilaczfrndbdg/SourcePackages/checkouts/ProximaKit/Sources/ProximaKit/Index/Heap.swift /Users/logansu/Library/Developer/Xcode/DerivedData/Echo-awzgiadvdwbqtdciilaczfrndbdg/SourcePackages/checkouts/ProximaKit/Sources/ProximaKit/Index/HybridIndex.swift /Users/logansu/Library/Developer/Xcode/DerivedData/Echo-awzgiadvdwbqtdciilaczfrndbdg/SourcePackages/checkouts/ProximaKit/Sources/ProximaKit/Index/QuantizedHNSWIndex.swift (in target 'ProximaKit' from project 'ProximaKit')
SwiftCompile normal arm64 /Users/logansu/Library/Developer/Xcode/DerivedData/Echo-awzgiadvdwbqtdciilaczfrndbdg/SourcePackages/checkouts/ProximaKit/Sources/ProximaKit/Index/BruteForceIndex.swift (in target 'ProximaKit' from project 'ProximaKit')
    cd /Users/logansu/Documents/Dev/SwiftProjects/Echo/Echo.xcodeproj
    

SwiftCompile normal arm64 /Users/logansu/Library/Developer/Xcode/DerivedData/Echo-awzgiadvdwbqtdciilaczfrndbdg/SourcePackages/checkouts/ProximaKit/Sources/ProximaKit/Index/HNSWIndex.swift (in target 'ProximaKit' from project 'ProximaKit')
    cd /Users/logansu/Documents/Dev/SwiftProjects/Echo/Echo.xcodeproj
    

SwiftCompile normal arm64 /Users/logansu/Library/Developer/Xcode/DerivedData/Echo-awzgiadvdwbqtdciilaczfrndbdg/SourcePackages/checkouts/ProximaKit/Sources/ProximaKit/Index/Heap.swift (in target 'ProximaKit' from project 'ProximaKit')
    cd /Users/logansu/Documents/Dev/SwiftProjects/Echo/Echo.xcodeproj
    

SwiftCompile normal arm64 /Users/logansu/Library/Developer/Xcode/DerivedData/Echo-awzgiadvdwbqtdciilaczfrndbdg/SourcePackages/checkouts/ProximaKit/Sources/ProximaKit/Index/HybridIndex.swift (in target 'ProximaKit' from project 'ProximaKit')
    cd /Users/logansu/Documents/Dev/SwiftProjects/Echo/Echo.xcodeproj
    

SwiftCompile normal arm64 /Users/logansu/Library/Developer/Xcode/DerivedData/Echo-awzgiadvdwbqtdciilaczfrndbdg/SourcePackages/checkouts/ProximaKit/Sources/ProximaKit/Index/QuantizedHNSWIndex.swift (in target 'ProximaKit' from project 'ProximaKit')
    cd /Users/logansu/Documents/Dev/SwiftProjects/Echo/Echo.xcodeproj
    

SwiftEmitModule normal arm64 Emitting\ module\ for\ ProximaKit (in target 'ProximaKit' from project 'ProximaKit')

EmitSwiftModule normal arm64 (in target 'ProximaKit' from project 'ProximaKit')
    cd /Users/logansu/Documents/Dev/SwiftProjects/Echo/Echo.xcodeproj
    

SwiftCompile normal arm64 Compiling\ ScalarQuantizer.swift,\ SearchResult.swift,\ ChunkMetadata.swift,\ HybridVectorStore.swift /Users/logansu/Library/Developer/Xcode/DerivedData/Echo-awzgiadvdwbqtdciilaczfrndbdg/SourcePackages/checkouts/ProximaKit/Sources/ProximaKit/Quantization/ScalarQuantizer.swift /Users/logansu/Library/Developer/Xcode/DerivedData/Echo-awzgiadvdwbqtdciilaczfrndbdg/SourcePackages/checkouts/ProximaKit/Sources/ProximaKit/Query/SearchResult.swift /Users/logansu/Library/Developer/Xcode/DerivedData/Echo-awzgiadvdwbqtdciilaczfrndbdg/SourcePackages/checkouts/ProximaKit/Sources/ProximaKit/Store/ChunkMetadata.swift /Users/logansu/Library/Developer/Xcode/DerivedData/Echo-awzgiadvdwbqtdciilaczfrndbdg/SourcePackages/checkouts/ProximaKit/Sources/ProximaKit/Store/HybridVectorStore.swift (in target 'ProximaKit' from project 'ProximaKit')

SwiftCompile normal arm64 /Users/logansu/Library/Developer/Xcode/DerivedData/Echo-awzgiadvdwbqtdciilaczfrndbdg/SourcePackages/checkouts/ProximaKit/Sources/ProximaKit/Quantization/ScalarQuantizer.swift (in target 'ProximaKit' from project 'ProximaKit')
    cd /Users/logansu/Documents/Dev/SwiftProjects/Echo/Echo.xcodeproj
    

SwiftCompile normal arm64 /Users/logansu/Library/Developer/Xcode/DerivedData/Echo-awzgiadvdwbqtdciilaczfrndbdg/SourcePackages/checkouts/ProximaKit/Sources/ProximaKit/Query/SearchResult.swift (in target 'ProximaKit' from project 'ProximaKit')
    cd /Users/logansu/Documents/Dev/SwiftProjects/Echo/Echo.xcodeproj
    

SwiftCompile normal arm64 /Users/logansu/Library/Developer/Xcode/DerivedData/Echo-awzgiadvdwbqtdciilaczfrndbdg/SourcePackages/checkouts/ProximaKit/Sources/ProximaKit/Store/ChunkMetadata.swift (in target 'ProximaKit' from project 'ProximaKit')
    cd /Users/logansu/Documents/Dev/SwiftProjects/Echo/Echo.xcodeproj
    

SwiftCompile normal arm64 /Users/logansu/Library/Developer/Xcode/DerivedData/Echo-awzgiadvdwbqtdciilaczfrndbdg/SourcePackages/checkouts/ProximaKit/Sources/ProximaKit/Store/HybridVectorStore.swift (in target 'ProximaKit' from project 'ProximaKit')
    cd /Users/logansu/Documents/Dev/SwiftProjects/Echo/Echo.xcodeproj
    

SwiftCompile normal arm64 Compiling\ SparseVectorIndex.swift,\ VectorIndex.swift,\ MappedVectorRegion.swift,\ PersistenceEngine.swift /Users/logansu/Library/Developer/Xcode/DerivedData/Echo-awzgiadvdwbqtdciilaczfrndbdg/SourcePackages/checkouts/ProximaKit/Sources/ProximaKit/Index/SparseVectorIndex.swift /Users/logansu/Library/Developer/Xcode/DerivedData/Echo-awzgiadvdwbqtdciilaczfrndbdg/SourcePackages/checkouts/ProximaKit/Sources/ProximaKit/Index/VectorIndex.swift /Users/logansu/Library/Developer/Xcode/DerivedData/Echo-awzgiadvdwbqtdciilaczfrndbdg/SourcePackages/checkouts/ProximaKit/Sources/ProximaKit/Persistence/MappedVectorRegion.swift /Users/logansu/Library/Developer/Xcode/DerivedData/Echo-awzgiadvdwbqtdciilaczfrndbdg/SourcePackages/checkouts/ProximaKit/Sources/ProximaKit/Persistence/PersistenceEngine.swift (in target 'ProximaKit' from project 'ProximaKit')
SwiftCompile normal arm64 /Users/logansu/Library/Developer/Xcode/DerivedData/Echo-awzgiadvdwbqtdciilaczfrndbdg/SourcePackages/checkouts/ProximaKit/Sources/ProximaKit/Index/SparseVectorIndex.swift (in target 'ProximaKit' from project 'ProximaKit')
    cd /Users/logansu/Documents/Dev/SwiftProjects/Echo/Echo.xcodeproj
    

SwiftCompile normal arm64 /Users/logansu/Library/Developer/Xcode/DerivedData/Echo-awzgiadvdwbqtdciilaczfrndbdg/SourcePackages/checkouts/ProximaKit/Sources/ProximaKit/Index/VectorIndex.swift (in target 'ProximaKit' from project 'ProximaKit')
    cd /Users/logansu/Documents/Dev/SwiftProjects/Echo/Echo.xcodeproj
    

SwiftCompile normal arm64 /Users/logansu/Library/Developer/Xcode/DerivedData/Echo-awzgiadvdwbqtdciilaczfrndbdg/SourcePackages/checkouts/ProximaKit/Sources/ProximaKit/Persistence/MappedVectorRegion.swift (in target 'ProximaKit' from project 'ProximaKit')
    cd /Users/logansu/Documents/Dev/SwiftProjects/Echo/Echo.xcodeproj
    

SwiftCompile normal arm64 /Users/logansu/Library/Developer/Xcode/DerivedData/Echo-awzgiadvdwbqtdciilaczfrndbdg/SourcePackages/checkouts/ProximaKit/Sources/ProximaKit/Persistence/PersistenceEngine.swift (in target 'ProximaKit' from project 'ProximaKit')
    cd /Users/logansu/Documents/Dev/SwiftProjects/Echo/Echo.xcodeproj
    

SwiftCompile normal arm64 Compiling\ ProximaKit.swift,\ ProductQuantizer.swift,\ ProductQuantizerError.swift,\ ProductQuantizerPersistence.swift /Users/logansu/Library/Developer/Xcode/DerivedData/Echo-awzgiadvdwbqtdciilaczfrndbdg/SourcePackages/checkouts/ProximaKit/Sources/ProximaKit/ProximaKit.swift /Users/logansu/Library/Developer/Xcode/DerivedData/Echo-awzgiadvdwbqtdciilaczfrndbdg/SourcePackages/checkouts/ProximaKit/Sources/ProximaKit/Quantization/ProductQuantizer.swift /Users/logansu/Library/Developer/Xcode/DerivedData/Echo-awzgiadvdwbqtdciilaczfrndbdg/SourcePackages/checkouts/ProximaKit/Sources/ProximaKit/Quantization/ProductQuantizerError.swift /Users/logansu/Library/Developer/Xcode/DerivedData/Echo-awzgiadvdwbqtdciilaczfrndbdg/SourcePackages/checkouts/ProximaKit/Sources/ProximaKit/Quantization/ProductQuantizerPersistence.swift (in target 'ProximaKit' from project 'ProximaKit')

SwiftCompile normal arm64 /Users/logansu/Library/Developer/Xcode/DerivedData/Echo-awzgiadvdwbqtdciilaczfrndbdg/SourcePackages/checkouts/ProximaKit/Sources/ProximaKit/ProximaKit.swift (in target 'ProximaKit' from project 'ProximaKit')
    cd /Users/logansu/Documents/Dev/SwiftProjects/Echo/Echo.xcodeproj
    

SwiftCompile normal arm64 /Users/logansu/Library/Developer/Xcode/DerivedData/Echo-awzgiadvdwbqtdciilaczfrndbdg/SourcePackages/checkouts/ProximaKit/Sources/ProximaKit/Quantization/ProductQuantizer.swift (in target 'ProximaKit' from project 'ProximaKit')
    cd /Users/logansu/Documents/Dev/SwiftProjects/Echo/Echo.xcodeproj
    

SwiftCompile normal arm64 /Users/logansu/Library/Developer/Xcode/DerivedData/Echo-awzgiadvdwbqtdciilaczfrndbdg/SourcePackages/checkouts/ProximaKit/Sources/ProximaKit/Quantization/ProductQuantizerError.swift (in target 'ProximaKit' from project 'ProximaKit')
    cd /Users/logansu/Documents/Dev/SwiftProjects/Echo/Echo.xcodeproj
    

SwiftCompile normal arm64 /Users/logansu/Library/Developer/Xcode/DerivedData/Echo-awzgiadvdwbqtdciilaczfrndbdg/SourcePackages/checkouts/ProximaKit/Sources/ProximaKit/Quantization/ProductQuantizerPersistence.swift (in target 'ProximaKit' from project 'ProximaKit')
    cd /Users/logansu/Documents/Dev/SwiftProjects/Echo/Echo.xcodeproj
    

SwiftCompile normal arm64 Compiling\ QuantizedHNSWIndexPersistence.swift,\ ScalarQuantizedHNSWIndex.swift,\ ScalarQuantizedHNSWIndexPersistence.swift,\ SparseIndex.swift /Users/logansu/Library/Developer/Xcode/DerivedData/Echo-awzgiadvdwbqtdciilaczfrndbdg/SourcePackages/checkouts/ProximaKit/Sources/ProximaKit/Index/QuantizedHNSWIndexPersistence.swift /Users/logansu/Library/Developer/Xcode/DerivedData/Echo-awzgiadvdwbqtdciilaczfrndbdg/SourcePackages/checkouts/ProximaKit/Sources/ProximaKit/Index/ScalarQuantizedHNSWIndex.swift /Users/logansu/Library/Developer/Xcode/DerivedData/Echo-awzgiadvdwbqtdciilaczfrndbdg/SourcePackages/checkouts/ProximaKit/Sources/ProximaKit/Index/ScalarQuantizedHNSWIndexPersistence.swift /Users/logansu/Library/Developer/Xcode/DerivedData/Echo-awzgiadvdwbqtdciilaczfrndbdg/SourcePackages/checkouts/ProximaKit/Sources/ProximaKit/Index/SparseIndex.swift (in target 'ProximaKit' from project 'ProximaKit')
SwiftCompile normal arm64 /Users/logansu/Library/Developer/Xcode/DerivedData/Echo-awzgiadvdwbqtdciilaczfrndbdg/SourcePackages/checkouts/ProximaKit/Sources/ProximaKit/Index/QuantizedHNSWIndexPersistence.swift (in target 'ProximaKit' from project 'ProximaKit')
    cd /Users/logansu/Documents/Dev/SwiftProjects/Echo/Echo.xcodeproj
    

SwiftCompile normal arm64 /Users/logansu/Library/Developer/Xcode/DerivedData/Echo-awzgiadvdwbqtdciilaczfrndbdg/SourcePackages/checkouts/ProximaKit/Sources/ProximaKit/Index/ScalarQuantizedHNSWIndex.swift (in target 'ProximaKit' from project 'ProximaKit')
    cd /Users/logansu/Documents/Dev/SwiftProjects/Echo/Echo.xcodeproj
    

SwiftCompile normal arm64 /Users/logansu/Library/Developer/Xcode/DerivedData/Echo-awzgiadvdwbqtdciilaczfrndbdg/SourcePackages/checkouts/ProximaKit/Sources/ProximaKit/Index/ScalarQuantizedHNSWIndexPersistence.swift (in target 'ProximaKit' from project 'ProximaKit')
    cd /Users/logansu/Documents/Dev/SwiftProjects/Echo/Echo.xcodeproj
    

SwiftCompile normal arm64 /Users/logansu/Library/Developer/Xcode/DerivedData/Echo-awzgiadvdwbqtdciilaczfrndbdg/SourcePackages/checkouts/ProximaKit/Sources/ProximaKit/Index/SparseIndex.swift (in target 'ProximaKit' from project 'ProximaKit')
    cd /Users/logansu/Documents/Dev/SwiftProjects/Echo/Echo.xcodeproj
    

SwiftCompile normal arm64 Compiling\ PersistenceError.swift,\ SparseIndexPersistence.swift,\ WALFormat.swift,\ WALJournal.swift /Users/logansu/Library/Developer/Xcode/DerivedData/Echo-awzgiadvdwbqtdciilaczfrndbdg/SourcePackages/checkouts/ProximaKit/Sources/ProximaKit/Persistence/PersistenceError.swift /Users/logansu/Library/Developer/Xcode/DerivedData/Echo-awzgiadvdwbqtdciilaczfrndbdg/SourcePackages/checkouts/ProximaKit/Sources/ProximaKit/Persistence/SparseIndexPersistence.swift /Users/logansu/Library/Developer/Xcode/DerivedData/Echo-awzgiadvdwbqtdciilaczfrndbdg/SourcePackages/checkouts/ProximaKit/Sources/ProximaKit/Persistence/WALFormat.swift /Users/logansu/Library/Developer/Xcode/DerivedData/Echo-awzgiadvdwbqtdciilaczfrndbdg/SourcePackages/checkouts/ProximaKit/Sources/ProximaKit/Persistence/WALJournal.swift (in target 'ProximaKit' from project 'ProximaKit')

SwiftCompile normal arm64 /Users/logansu/Library/Developer/Xcode/DerivedData/Echo-awzgiadvdwbqtdciilaczfrndbdg/SourcePackages/checkouts/ProximaKit/Sources/ProximaKit/Persistence/PersistenceError.swift (in target 'ProximaKit' from project 'ProximaKit')
    cd /Users/logansu/Documents/Dev/SwiftProjects/Echo/Echo.xcodeproj
    

SwiftCompile normal arm64 /Users/logansu/Library/Developer/Xcode/DerivedData/Echo-awzgiadvdwbqtdciilaczfrndbdg/SourcePackages/checkouts/ProximaKit/Sources/ProximaKit/Persistence/SparseIndexPersistence.swift (in target 'ProximaKit' from project 'ProximaKit')
    cd /Users/logansu/Documents/Dev/SwiftProjects/Echo/Echo.xcodeproj
    

SwiftCompile normal arm64 /Users/logansu/Library/Developer/Xcode/DerivedData/Echo-awzgiadvdwbqtdciilaczfrndbdg/SourcePackages/checkouts/ProximaKit/Sources/ProximaKit/Persistence/WALFormat.swift (in target 'ProximaKit' from project 'ProximaKit')
    cd /Users/logansu/Documents/Dev/SwiftProjects/Echo/Echo.xcodeproj
    

SwiftCompile normal arm64 /Users/logansu/Library/Developer/Xcode/DerivedData/Echo-awzgiadvdwbqtdciilaczfrndbdg/SourcePackages/checkouts/ProximaKit/Sources/ProximaKit/Persistence/WALJournal.swift (in target 'ProximaKit' from project 'ProximaKit')
    cd /Users/logansu/Documents/Dev/SwiftProjects/Echo/Echo.xcodeproj
    

SwiftCompile normal arm64 Compiling\ TextEmbedder.swift,\ VectorStore.swift,\ VectorStoreError.swift,\ Vector.swift /Users/logansu/Library/Developer/Xcode/DerivedData/Echo-awzgiadvdwbqtdciilaczfrndbdg/SourcePackages/checkouts/ProximaKit/Sources/ProximaKit/Store/TextEmbedder.swift /Users/logansu/Library/Developer/Xcode/DerivedData/Echo-awzgiadvdwbqtdciilaczfrndbdg/SourcePackages/checkouts/ProximaKit/Sources/ProximaKit/Store/VectorStore.swift /Users/logansu/Library/Developer/Xcode/DerivedData/Echo-awzgiadvdwbqtdciilaczfrndbdg/SourcePackages/checkouts/ProximaKit/Sources/ProximaKit/Store/VectorStoreError.swift /Users/logansu/Library/Developer/Xcode/DerivedData/Echo-awzgiadvdwbqtdciilaczfrndbdg/SourcePackages/checkouts/ProximaKit/Sources/ProximaKit/Vector.swift (in target 'ProximaKit' from project 'ProximaKit')

SwiftCompile normal arm64 /Users/logansu/Library/Developer/Xcode/DerivedData/Echo-awzgiadvdwbqtdciilaczfrndbdg/SourcePackages/checkouts/ProximaKit/Sources/ProximaKit/Store/TextEmbedder.swift (in target 'ProximaKit' from project 'ProximaKit')
    cd /Users/logansu/Documents/Dev/SwiftProjects/Echo/Echo.xcodeproj
    

SwiftCompile normal arm64 /Users/logansu/Library/Developer/Xcode/DerivedData/Echo-awzgiadvdwbqtdciilaczfrndbdg/SourcePackages/checkouts/ProximaKit/Sources/ProximaKit/Store/VectorStore.swift (in target 'ProximaKit' from project 'ProximaKit')
    cd /Users/logansu/Documents/Dev/SwiftProjects/Echo/Echo.xcodeproj
    

SwiftCompile normal arm64 /Users/logansu/Library/Developer/Xcode/DerivedData/Echo-awzgiadvdwbqtdciilaczfrndbdg/SourcePackages/checkouts/ProximaKit/Sources/ProximaKit/Store/VectorStoreError.swift (in target 'ProximaKit' from project 'ProximaKit')
    cd /Users/logansu/Documents/Dev/SwiftProjects/Echo/Echo.xcodeproj
    

SwiftCompile normal arm64 /Users/logansu/Library/Developer/Xcode/DerivedData/Echo-awzgiadvdwbqtdciilaczfrndbdg/SourcePackages/checkouts/ProximaKit/Sources/ProximaKit/Vector.swift (in target 'ProximaKit' from project 'ProximaKit')
    cd /Users/logansu/Documents/Dev/SwiftProjects/Echo/Echo.xcodeproj
    

SwiftDriverJobDiscovery normal arm64 Emitting module for ProximaKit (in target 'ProximaKit' from project 'ProximaKit')

SwiftDriver\ Compilation\ Requirements ProximaKit normal arm64 com.apple.xcode.tools.swift.compiler (in target 'ProximaKit' from project 'ProximaKit')
    cd /Users/logansu/Documents/Dev/SwiftProjects/Echo/Echo.xcodeproj
    builtin-Swift-Compilation-Requirements -- /Applications/Xcode.app/Contents/Developer/Toolchains/XcodeDefault.xctoolchain/usr/bin/swiftc -module-name ProximaKit -Onone @/Users/logansu/Library/Developer/Xcode/DerivedData/Echo-awzgiadvdwbqtdciilaczfrndbdg/Build/Intermediates.noindex/ProximaKit.build/Debug-iphonesimulator/ProximaKit.build/Objects-normal/arm64/ProximaKit.SwiftFileList -DSWIFT_PACKAGE -DDEBUG -DSWIFT_MODULE_RESOURCE_BUNDLE_UNAVAILABLE -DXcode -enable-experimental-feature StrictConcurrency -plugin-path /Applications/Xcode.app/Contents/Developer/Toolchains/XcodeDefault.xctoolchain/usr/lib/swift/host/plugins/testing -enable-experimental-feature DebugDescriptionMacro -sdk /Applications/Xcode.app/Contents/Developer/Platforms/iPhoneSimulator.platform/Developer/SDKs/iPhoneSimulator26.5.sdk -target arm64-apple-ios17.0-simulator -g -module-cache-path /Users/logansu/Library/Developer/Xcode/DerivedData/ModuleCache.noindex -Xfrontend -serialize-debugging-options -profile-coverage-mapping -profile-generate -enable-testing -suppress-warnings -index-store-path /Users/logansu/Library/Developer/Xcode/DerivedData/Echo-awzgiadvdwbqtdciilaczfrndbdg/Index.noindex/DataStore -Xcc -D_LIBCPP_HARDENING_MODE\=_LIBCPP_HARDENING_MODE_DEBUG -swift-version 5 -I /Users/logansu/Library/Developer/Xcode/DerivedData/Echo-awzgiadvdwbqtdciilaczfrndbdg/Build/Products/Debug-iphonesimulator -Isystem /Applications/Xcode.app/Contents/Developer/Platforms/iPhoneSimulator.platform/Developer/usr/lib -F /Users/logansu/Library/Developer/Xcode/DerivedData/Echo-awzgiadvdwbqtdciilaczfrndbdg/Build/Products/Debug-iphonesimulator -F /Applications/Xcode.app/Contents/Developer/Platforms/iPhoneSimulator.platform/Developer/Library/Frameworks -F /Applications/Xcode.app/Contents/Developer/Platforms/iPhoneSimulator.platform/Developer/SDKs/iPhoneSimulator26.5.sdk/Developer/Library/Frameworks -c -j8 -enable-batch-mode -incremental -Xcc -ivfsstatcache -Xcc /Users/logansu/Library/Developer/Xcode/DerivedData/SDKStatCaches.noindex/iphonesimulator26.5-23F73-6cfe768891a92b912361537c460fe42b.sdkstatcache -output-file-map /Users/logansu/Library/Developer/Xcode/DerivedData/Echo-awzgiadvdwbqtdciilaczfrndbdg/Build/Intermediates.noindex/ProximaKit.build/Debug-iphonesimulator/ProximaKit.build/Objects-normal/arm64/ProximaKit-OutputFileMap.json -use-frontend-parseable-output -save-temps -no-color-diagnostics -explicit-module-build -module-cache-path /Users/logansu/Library/Developer/Xcode/DerivedData/Echo-awzgiadvdwbqtdciilaczfrndbdg/Build/Intermediates.noindex/SwiftExplicitPrecompiledModules -clang-scanner-module-cache-path /Users/logansu/Library/Developer/Xcode/DerivedData/ModuleCache.noindex -sdk-module-cache-path /Users/logansu/Library/Developer/Xcode/DerivedData/ModuleCache.noindex -serialize-diagnostics -emit-dependencies -emit-module -emit-module-path /Users/logansu/Library/Developer/Xcode/DerivedData/Echo-awzgiadvdwbqtdciilaczfrndbdg/Build/Intermediates.noindex/ProximaKit.build/Debug-iphonesimulator/ProximaKit.build/Objects-normal/arm64/ProximaKit.swiftmodule -validate-clang-modules-once -clang-build-session-file /Users/logansu/Library/Developer/Xcode/DerivedData/ModuleCache.noindex/Session.modulevalidation -package-name proximakit -Xcc -I/Users/logansu/Library/Developer/Xcode/DerivedData/Echo-awzgiadvdwbqtdciilaczfrndbdg/Build/Intermediates.noindex/ProximaKit.build/Debug-iphonesimulator/ProximaKit.build/swift-overrides.hmap -emit-const-values -Xfrontend -const-gather-protocols-file -Xfrontend /Users/logansu/Library/Developer/Xcode/DerivedData/Echo-awzgiadvdwbqtdciilaczfrndbdg/Build/Intermediates.noindex/ProximaKit.build/Debug-iphonesimulator/ProximaKit.build/Objects-normal/arm64/ProximaKit_const_extract_protocols.json -Xcc -I/Users/logansu/Library/Developer/Xcode/DerivedData/Echo-awzgiadvdwbqtdciilaczfrndbdg/Build/Products/Debug-iphonesimulator/include -Xcc -I/Users/logansu/Library/Developer/Xcode/DerivedData/Echo-awzgiadvdwbqtdciilaczfrndbdg/Build/Intermediates.noindex/ProximaKit.build/Debug-iphonesimulator/ProximaKit.build/DerivedSources-normal/arm64 -Xcc -I/Users/logansu/Library/Developer/Xcode/DerivedData/Echo-awzgiadvdwbqtdciilaczfrndbdg/Build/Intermediates.noindex/ProximaKit.build/Debug-iphonesimulator/ProximaKit.build/DerivedSources/arm64 -Xcc -I/Users/logansu/Library/Developer/Xcode/DerivedData/Echo-awzgiadvdwbqtdciilaczfrndbdg/Build/Intermediates.noindex/ProximaKit.build/Debug-iphonesimulator/ProximaKit.build/DerivedSources -Xcc -DSWIFT_PACKAGE -Xcc -DDEBUG\=1 -emit-objc-header -emit-objc-header-path /Users/logansu/Library/Developer/Xcode/DerivedData/Echo-awzgiadvdwbqtdciilaczfrndbdg/Build/Intermediates.noindex/ProximaKit.build/Debug-iphonesimulator/ProximaKit.build/Objects-normal/arm64/ProximaKit-Swift.h -working-directory /Users/logansu/Documents/Dev/SwiftProjects/Echo/Echo.xcodeproj -experimental-emit-module-separately -disable-cmo

SwiftDriverJobDiscovery normal arm64 Compiling ScalarQuantizer.swift, SearchResult.swift, ChunkMetadata.swift, HybridVectorStore.swift (in target 'ProximaKit' from project 'ProximaKit')

SwiftMergeGeneratedHeaders /Users/logansu/Library/Developer/Xcode/DerivedData/Echo-awzgiadvdwbqtdciilaczfrndbdg/Build/Intermediates.noindex/GeneratedModuleMaps-iphonesimulator/ProximaKit-Swift.h /Users/logansu/Library/Developer/Xcode/DerivedData/Echo-awzgiadvdwbqtdciilaczfrndbdg/Build/Intermediates.noindex/ProximaKit.build/Debug-iphonesimulator/ProximaKit.build/Objects-normal/arm64/ProximaKit-Swift.h (in target 'ProximaKit' from project 'ProximaKit')
    cd /Users/logansu/Library/Developer/Xcode/DerivedData/Echo-awzgiadvdwbqtdciilaczfrndbdg/SourcePackages/checkouts/ProximaKit
    builtin-swiftHeaderTool -arch arm64 /Users/logansu/Library/Developer/Xcode/DerivedData/Echo-awzgiadvdwbqtdciilaczfrndbdg/Build/Intermediates.noindex/ProximaKit.build/Debug-iphonesimulator/ProximaKit.build/Objects-normal/arm64/ProximaKit-Swift.h -o /Users/logansu/Library/Developer/Xcode/DerivedData/Echo-awzgiadvdwbqtdciilaczfrndbdg/Build/Intermediates.noindex/GeneratedModuleMaps-iphonesimulator/ProximaKit-Swift.h

Copy /Users/logansu/Library/Developer/Xcode/DerivedData/Echo-awzgiadvdwbqtdciilaczfrndbdg/Build/Products/Debug-iphonesimulator/ProximaKit.swiftmodule/arm64-apple-ios-simulator.swiftmodule /Users/logansu/Library/Developer/Xcode/DerivedData/Echo-awzgiadvdwbqtdciilaczfrndbdg/Build/Intermediates.noindex/ProximaKit.build/Debug-iphonesimulator/ProximaKit.build/Objects-normal/arm64/ProximaKit.swiftmodule (in target 'ProximaKit' from project 'ProximaKit')
    cd /Users/logansu/Library/Developer/Xcode/DerivedData/Echo-awzgiadvdwbqtdciilaczfrndbdg/SourcePackages/checkouts/ProximaKit
    builtin-copy -exclude .DS_Store -exclude CVS -exclude .svn -exclude .git -exclude .hg -resolve-src-symlinks -rename /Users/logansu/Library/Developer/Xcode/DerivedData/Echo-awzgiadvdwbqtdciilaczfrndbdg/Build/Intermediates.noindex/ProximaKit.build/Debug-iphonesimulator/ProximaKit.build/Objects-normal/arm64/ProximaKit.swiftmodule /Users/logansu/Library/Developer/Xcode/DerivedData/Echo-awzgiadvdwbqtdciilaczfrndbdg/Build/Products/Debug-iphonesimulator/ProximaKit.swiftmodule/arm64-apple-ios-simulator.swiftmodule

Copy /Users/logansu/Library/Developer/Xcode/DerivedData/Echo-awzgiadvdwbqtdciilaczfrndbdg/Build/Products/Debug-iphonesimulator/ProximaKit.swiftmodule/arm64-apple-ios-simulator.swiftdoc /Users/logansu/Library/Developer/Xcode/DerivedData/Echo-awzgiadvdwbqtdciilaczfrndbdg/Build/Intermediates.noindex/ProximaKit.build/Debug-iphonesimulator/ProximaKit.build/Objects-normal/arm64/ProximaKit.swiftdoc (in target 'ProximaKit' from project 'ProximaKit')
    cd /Users/logansu/Library/Developer/Xcode/DerivedData/Echo-awzgiadvdwbqtdciilaczfrndbdg/SourcePackages/checkouts/ProximaKit
    builtin-copy -exclude .DS_Store -exclude CVS -exclude .svn -exclude .git -exclude .hg -resolve-src-symlinks -rename /Users/logansu/Library/Developer/Xcode/DerivedData/Echo-awzgiadvdwbqtdciilaczfrndbdg/Build/Intermediates.noindex/ProximaKit.build/Debug-iphonesimulator/ProximaKit.build/Objects-normal/arm64/ProximaKit.swiftdoc /Users/logansu/Library/Developer/Xcode/DerivedData/Echo-awzgiadvdwbqtdciilaczfrndbdg/Build/Products/Debug-iphonesimulator/ProximaKit.swiftmodule/arm64-apple-ios-simulator.swiftdoc

Copy /Users/logansu/Library/Developer/Xcode/DerivedData/Echo-awzgiadvdwbqtdciilaczfrndbdg/Build/Products/Debug-iphonesimulator/ProximaKit.swiftmodule/arm64-apple-ios-simulator.abi.json /Users/logansu/Library/Developer/Xcode/DerivedData/Echo-awzgiadvdwbqtdciilaczfrndbdg/Build/Intermediates.noindex/ProximaKit.build/Debug-iphonesimulator/ProximaKit.build/Objects-normal/arm64/ProximaKit.abi.json (in target 'ProximaKit' from project 'ProximaKit')
    cd /Users/logansu/Library/Developer/Xcode/DerivedData/Echo-awzgiadvdwbqtdciilaczfrndbdg/SourcePackages/checkouts/ProximaKit
    builtin-copy -exclude .DS_Store -exclude CVS -exclude .svn -exclude .git -exclude .hg -resolve-src-symlinks -rename /Users/logansu/Library/Developer/Xcode/DerivedData/Echo-awzgiadvdwbqtdciilaczfrndbdg/Build/Intermediates.noindex/ProximaKit.build/Debug-iphonesimulator/ProximaKit.build/Objects-normal/arm64/ProximaKit.abi.json /Users/logansu/Library/Developer/Xcode/DerivedData/Echo-awzgiadvdwbqtdciilaczfrndbdg/Build/Products/Debug-iphonesimulator/ProximaKit.swiftmodule/arm64-apple-ios-simulator.abi.json

Copy /Users/logansu/Library/Developer/Xcode/DerivedData/Echo-awzgiadvdwbqtdciilaczfrndbdg/Build/Products/Debug-iphonesimulator/ProximaKit.swiftmodule/Project/arm64-apple-ios-simulator.swiftsourceinfo /Users/logansu/Library/Developer/Xcode/DerivedData/Echo-awzgiadvdwbqtdciilaczfrndbdg/Build/Intermediates.noindex/ProximaKit.build/Debug-iphonesimulator/ProximaKit.build/Objects-normal/arm64/ProximaKit.swiftsourceinfo (in target 'ProximaKit' from project 'ProximaKit')
    cd /Users/logansu/Library/Developer/Xcode/DerivedData/Echo-awzgiadvdwbqtdciilaczfrndbdg/SourcePackages/checkouts/ProximaKit
    builtin-copy -exclude .DS_Store -exclude CVS -exclude .svn -exclude .git -exclude .hg -resolve-src-symlinks -rename /Users/logansu/Library/Developer/Xcode/DerivedData/Echo-awzgiadvdwbqtdciilaczfrndbdg/Build/Intermediates.noindex/ProximaKit.build/Debug-iphonesimulator/ProximaKit.build/Objects-normal/arm64/ProximaKit.swiftsourceinfo /Users/logansu/Library/Developer/Xcode/DerivedData/Echo-awzgiadvdwbqtdciilaczfrndbdg/Build/Products/Debug-iphonesimulator/ProximaKit.swiftmodule/Project/arm64-apple-ios-simulator.swiftsourceinfo

ProcessProductPackaging "" /Users/logansu/Library/Developer/Xcode/DerivedData/Echo-awzgiadvdwbqtdciilaczfrndbdg/Build/Intermediates.noindex/Echo.build/Debug-iphonesimulator/Echo.build/Echo.app-Simulated.xcent (in target 'Echo' from project 'Echo')
    cd /Users/logansu/Documents/Dev/SwiftProjects/Echo
    
    Entitlements:
    
    {
    "application-identifier" = "UJ876FXT32.com.echo.Echo";
}
    
    builtin-productPackagingUtility -entitlements -format xml -o /Users/logansu/Library/Developer/Xcode/DerivedData/Echo-awzgiadvdwbqtdciilaczfrndbdg/Build/Intermediates.noindex/Echo.build/Debug-iphonesimulator/Echo.build/Echo.app-Simulated.xcent

ProcessProductPackagingDER /Users/logansu/Library/Developer/Xcode/DerivedData/Echo-awzgiadvdwbqtdciilaczfrndbdg/Build/Intermediates.noindex/Echo.build/Debug-iphonesimulator/Echo.build/Echo.app-Simulated.xcent /Users/logansu/Library/Developer/Xcode/DerivedData/Echo-awzgiadvdwbqtdciilaczfrndbdg/Build/Intermediates.noindex/Echo.build/Debug-iphonesimulator/Echo.build/Echo.app-Simulated.xcent.der (in target 'Echo' from project 'Echo')
    cd /Users/logansu/Documents/Dev/SwiftProjects/Echo
    /usr/bin/derq query -f xml -i /Users/logansu/Library/Developer/Xcode/DerivedData/Echo-awzgiadvdwbqtdciilaczfrndbdg/Build/Intermediates.noindex/Echo.build/Debug-iphonesimulator/Echo.build/Echo.app-Simulated.xcent -o /Users/logansu/Library/Developer/Xcode/DerivedData/Echo-awzgiadvdwbqtdciilaczfrndbdg/Build/Intermediates.noindex/Echo.build/Debug-iphonesimulator/Echo.build/Echo.app-Simulated.xcent.der --raw

MkDir /Users/logansu/Library/Developer/Xcode/DerivedData/Echo-awzgiadvdwbqtdciilaczfrndbdg/Build/Intermediates.noindex/Echo.build/Debug-iphonesimulator/Echo.build/assetcatalog_output/unthinned (in target 'Echo' from project 'Echo')
    cd /Users/logansu/Documents/Dev/SwiftProjects/Echo
    /bin/mkdir -p /Users/logansu/Library/Developer/Xcode/DerivedData/Echo-awzgiadvdwbqtdciilaczfrndbdg/Build/Intermediates.noindex/Echo.build/Debug-iphonesimulator/Echo.build/assetcatalog_output/unthinned

MkDir /Users/logansu/Library/Developer/Xcode/DerivedData/Echo-awzgiadvdwbqtdciilaczfrndbdg/Build/Intermediates.noindex/Echo.build/Debug-iphonesimulator/Echo.build/assetcatalog_output/thinned (in target 'Echo' from project 'Echo')
    cd /Users/logansu/Documents/Dev/SwiftProjects/Echo
    /bin/mkdir -p /Users/logansu/Library/Developer/Xcode/DerivedData/Echo-awzgiadvdwbqtdciilaczfrndbdg/Build/Intermediates.noindex/Echo.build/Debug-iphonesimulator/Echo.build/assetcatalog_output/thinned

GenerateAssetSymbols /Users/logansu/Documents/Dev/SwiftProjects/Echo/Echo/Assets.xcassets (in target 'Echo' from project 'Echo')
    cd /Users/logansu/Documents/Dev/SwiftProjects/Echo
    /Applications/Xcode.app/Contents/Developer/usr/bin/actool /Users/logansu/Documents/Dev/SwiftProjects/Echo/Echo/Assets.xcassets --compile /Users/logansu/Library/Developer/Xcode/DerivedData/Echo-awzgiadvdwbqtdciilaczfrndbdg/Build/Products/Debug-iphonesimulator/Echo.app --output-format human-readable-text --notices --warnings --export-dependency-info /Users/logansu/Library/Developer/Xcode/DerivedData/Echo-awzgiadvdwbqtdciilaczfrndbdg/Build/Intermediates.noindex/Echo.build/Debug-iphonesimulator/Echo.build/assetcatalog_dependencies --output-partial-info-plist /Users/logansu/Library/Developer/Xcode/DerivedData/Echo-awzgiadvdwbqtdciilaczfrndbdg/Build/Intermediates.noindex/Echo.build/Debug-iphonesimulator/Echo.build/assetcatalog_generated_info.plist --app-icon AppIcon --accent-color AccentColor --compress-pngs --enable-on-demand-resources YES --development-region en --target-device iphone --target-device ipad --minimum-deployment-target 18.0 --platform iphonesimulator --bundle-identifier com.echo.Echo --generate-swift-asset-symbols /Users/logansu/Library/Developer/Xcode/DerivedData/Echo-awzgiadvdwbqtdciilaczfrndbdg/Build/Intermediates.noindex/Echo.build/Debug-iphonesimulator/Echo.build/DerivedSources/GeneratedAssetSymbols.swift --generate-objc-asset-symbols /Users/logansu/Library/Developer/Xcode/DerivedData/Echo-awzgiadvdwbqtdciilaczfrndbdg/Build/Intermediates.noindex/Echo.build/Debug-iphonesimulator/Echo.build/DerivedSources/GeneratedAssetSymbols.h --generate-asset-symbol-index /Users/logansu/Library/Developer/Xcode/DerivedData/Echo-awzgiadvdwbqtdciilaczfrndbdg/Build/Intermediates.noindex/Echo.build/Debug-iphonesimulator/Echo.build/DerivedSources/GeneratedAssetSymbols-Index.plist
/* com.apple.actool.compilation-results */
/Users/logansu/Library/Developer/Xcode/DerivedData/Echo-awzgiadvdwbqtdciilaczfrndbdg/Build/Intermediates.noindex/Echo.build/Debug-iphonesimulator/Echo.build/DerivedSources/GeneratedAssetSymbols-Index.plist
/Users/logansu/Library/Developer/Xcode/DerivedData/Echo-awzgiadvdwbqtdciilaczfrndbdg/Build/Intermediates.noindex/Echo.build/Debug-iphonesimulator/Echo.build/DerivedSources/GeneratedAssetSymbols.h
/Users/logansu/Library/Developer/Xcode/DerivedData/Echo-awzgiadvdwbqtdciilaczfrndbdg/Build/Intermediates.noindex/Echo.build/Debug-iphonesimulator/Echo.build/DerivedSources/GeneratedAssetSymbols.swift


CoreMLModelCompile /Users/logansu/Library/Developer/Xcode/DerivedData/Echo-awzgiadvdwbqtdciilaczfrndbdg/Build/Products/Debug-iphonesimulator/Echo.app/ /Users/logansu/Documents/Dev/SwiftProjects/Echo/Echo/Resources/Models/MultilingualE5Small.mlpackage (in target 'Echo' from project 'Echo')
    cd /Users/logansu/Documents/Dev/SwiftProjects/Echo
    /usr/bin/sandbox-exec -D SCRIPT_OUTPUT_FILE_0\=/Users/logansu/Library/Developer/Xcode/DerivedData/Echo-awzgiadvdwbqtdciilaczfrndbdg/Build/Products/Debug-iphonesimulator/Echo.app/MultilingualE5Small.mlmodelc -D SCRIPT_OUTPUT_FILE_1\=/Users/logansu/Library/Developer/Xcode/DerivedData/Echo-awzgiadvdwbqtdciilaczfrndbdg/Build/Intermediates.noindex/Echo.build/Debug-iphonesimulator/Echo.build/MultilingualE5Small-CoreMLPartialInfo.plist -D SCRIPT_INPUT_FILE_0\=/Users/logansu/Documents/Dev/SwiftProjects/Echo/Echo/Resources/Models/MultilingualE5Small.mlpackage -D SCRIPT_INPUT_FILE_1\=/Users/logansu/Documents/Dev/SwiftProjects/Echo/Echo/Resources/Models/MultilingualE5Small.mlpackage -D SCRIPT_INPUT_ANCESTOR_0\=/ -D SCRIPT_INPUT_ANCESTOR_1\=/Users -D SCRIPT_INPUT_ANCESTOR_2\=/Users/logansu -D SCRIPT_INPUT_ANCESTOR_3\=/Users/logansu/Documents -D SCRIPT_INPUT_ANCESTOR_4\=/Users/logansu/Documents/Dev -D SCRIPT_INPUT_ANCESTOR_5\=/Users/logansu/Documents/Dev/SwiftProjects -D SCRIPT_INPUT_ANCESTOR_6\=/Users/logansu/Documents/Dev/SwiftProjects/Echo -D SCRIPT_INPUT_ANCESTOR_7\=/Users/logansu/Documents/Dev/SwiftProjects/Echo/Echo -D SCRIPT_INPUT_ANCESTOR_8\=/Users/logansu/Documents/Dev/SwiftProjects/Echo/Echo/Resources -D SCRIPT_INPUT_ANCESTOR_9\=/Users/logansu/Documents/Dev/SwiftProjects/Echo/Echo/Resources/Models -D SCRIPT_OUTPUT_ANCESTOR_0\=/ -D SCRIPT_OUTPUT_ANCESTOR_1\=/Users -D SCRIPT_OUTPUT_ANCESTOR_2\=/Users/logansu -D SCRIPT_OUTPUT_ANCESTOR_3\=/Users/logansu/Library -D SCRIPT_OUTPUT_ANCESTOR_4\=/Users/logansu/Library/Developer -D SCRIPT_OUTPUT_ANCESTOR_5\=/Users/logansu/Library/Developer/Xcode -D SCRIPT_OUTPUT_ANCESTOR_6\=/Users/logansu/Library/Developer/Xcode/DerivedData -D SCRIPT_OUTPUT_ANCESTOR_7\=/Users/logansu/Library/Developer/Xcode/DerivedData/Echo-awzgiadvdwbqtdciilaczfrndbdg -D SCRIPT_OUTPUT_ANCESTOR_8\=/Users/logansu/Library/Developer/Xcode/DerivedData/Echo-awzgiadvdwbqtdciilaczfrndbdg/Build -D SCRIPT_OUTPUT_ANCESTOR_9\=/Users/logansu/Library/Developer/Xcode/DerivedData/Echo-awzgiadvdwbqtdciilaczfrndbdg/Build/Intermediates.noindex -D SCRIPT_OUTPUT_ANCESTOR_10\=/Users/logansu/Library/Developer/Xcode/DerivedData/Echo-awzgiadvdwbqtdciilaczfrndbdg/Build/Intermediates.noindex/Echo.build -D SCRIPT_OUTPUT_ANCESTOR_11\=/Users/logansu/Library/Developer/Xcode/DerivedData/Echo-awzgiadvdwbqtdciilaczfrndbdg/Build/Intermediates.noindex/Echo.build/Debug-iphonesimulator -D SCRIPT_OUTPUT_ANCESTOR_12\=/Users/logansu/Library/Developer/Xcode/DerivedData/Echo-awzgiadvdwbqtdciilaczfrndbdg/Build/Intermediates.noindex/Echo.build/Debug-iphonesimulator/Echo.build -D SCRIPT_OUTPUT_ANCESTOR_13\=/Users/logansu/Library/Developer/Xcode/DerivedData/Echo-awzgiadvdwbqtdciilaczfrndbdg/Build/Products -D SCRIPT_OUTPUT_ANCESTOR_14\=/Users/logansu/Library/Developer/Xcode/DerivedData/Echo-awzgiadvdwbqtdciilaczfrndbdg/Build/Products/Debug-iphonesimulator -D SCRIPT_OUTPUT_ANCESTOR_15\=/Users/logansu/Library/Developer/Xcode/DerivedData/Echo-awzgiadvdwbqtdciilaczfrndbdg/Build/Products/Debug-iphonesimulator/Echo.app -D SRCROOT\=/Users/logansu/Documents/Dev/SwiftProjects/Echo -D PROJECT_DIR\=/Users/logansu/Documents/Dev/SwiftProjects/Echo -D OBJROOT\=/Users/logansu/Library/Developer/Xcode/DerivedData/Echo-awzgiadvdwbqtdciilaczfrndbdg/Build/Intermediates.noindex -D SYMROOT\=/Users/logansu/Library/Developer/Xcode/DerivedData/Echo-awzgiadvdwbqtdciilaczfrndbdg/Build/Products -D DSTROOT\=/tmp/Echo.dst -D SHARED_PRECOMPS_DIR\=/Users/logansu/Library/Developer/Xcode/DerivedData/Echo-awzgiadvdwbqtdciilaczfrndbdg/Build/Intermediates.noindex/PrecompiledHeaders -D CACHE_ROOT\=/var/folders/_r/6dh_2jf542d4p97jl9nqwk480000gn/C/com.apple.DeveloperTools/26.5-17F42/Xcode -D CONFIGURATION_BUILD_DIR\=/Users/logansu/Library/Developer/Xcode/DerivedData/Echo-awzgiadvdwbqtdciilaczfrndbdg/Build/Products/Debug-iphonesimulator -D CONFIGURATION_TEMP_DIR\=/Users/logansu/Library/Developer/Xcode/DerivedData/Echo-awzgiadvdwbqtdciilaczfrndbdg/Build/Intermediates.noindex/Echo.build/Debug-iphonesimulator -D LOCROOT\=/Users/logansu/Documents/Dev/SwiftProjects/Echo -D LOCSYMROOT\=/Users/logansu/Documents/Dev/SwiftProjects/Echo -D INDEX_PRECOMPS_DIR\=/Users/logansu/Library/Developer/Xcode/DerivedData/Echo-awzgiadvdwbqtdciilaczfrndbdg/Index.noindex/PrecompiledHeaders -D INDEX_DATA_STORE_DIR\=/Users/logansu/Library/Developer/Xcode/DerivedData/Echo-awzgiadvdwbqtdciilaczfrndbdg/Index.noindex/DataStore -D TEMP_DIR\=/Users/logansu/Library/Developer/Xcode/DerivedData/Echo-awzgiadvdwbqtdciilaczfrndbdg/Build/Intermediates.noindex/Echo.build/Debug-iphonesimulator/Echo.build -D TARGET_TEMP_DIR\=/Users/logansu/Library/Developer/Xcode/DerivedData/Echo-awzgiadvdwbqtdciilaczfrndbdg/Build/Intermediates.noindex/Echo.build/Debug-iphonesimulator/Echo.build -D DERIVED_FILE_DIR\=/Users/logansu/Library/Developer/Xcode/DerivedData/Echo-awzgiadvdwbqtdciilaczfrndbdg/Build/Intermediates.noindex/Echo.build/Debug-iphonesimulator/Echo.build/DerivedSources -f /Users/logansu/Library/Developer/Xcode/DerivedData/Echo-awzgiadvdwbqtdciilaczfrndbdg/Build/Intermediates.noindex/Echo.build/Debug-iphonesimulator/Echo.build/6a2c9eea2b0bd37b45cd96d077d4634d.sb /Applications/Xcode.app/Contents/Developer/Toolchains/XcodeDefault.xctoolchain/usr/bin/coremlc compile /Users/logansu/Documents/Dev/SwiftProjects/Echo/Echo/Resources/Models/MultilingualE5Small.mlpackage /Users/logansu/Library/Developer/Xcode/DerivedData/Echo-awzgiadvdwbqtdciilaczfrndbdg/Build/Products/Debug-iphonesimulator/Echo.app/ --deployment-target 18.0 --sdkroot /Applications/Xcode.app/Contents/Developer/Platforms/iPhoneSimulator.platform/Developer/SDKs/iPhoneSimulator26.5.sdk --platform ios --output-partial-info-plist /Users/logansu/Library/Developer/Xcode/DerivedData/Echo-awzgiadvdwbqtdciilaczfrndbdg/Build/Intermediates.noindex/Echo.build/Debug-iphonesimulator/Echo.build/MultilingualE5Small-CoreMLPartialInfo.plist --container bundle-resources
/Users/logansu/Library/Developer/Xcode/DerivedData/Echo-awzgiadvdwbqtdciilaczfrndbdg/Build/Products/Debug-iphonesimulator/Echo.app/MultilingualE5Small.mlmodelc/coremldata.bin

CoreMLModelCompile /Users/logansu/Library/Developer/Xcode/DerivedData/Echo-awzgiadvdwbqtdciilaczfrndbdg/Build/Products/Debug-iphonesimulator/Echo.app/ /Users/logansu/Documents/Dev/SwiftProjects/Echo/Echo/Resources/Models/MobileCLIP-B-lt_text.mlpackage (in target 'Echo' from project 'Echo')
    cd /Users/logansu/Documents/Dev/SwiftProjects/Echo
    /usr/bin/sandbox-exec -D SCRIPT_OUTPUT_FILE_0\=/Users/logansu/Library/Developer/Xcode/DerivedData/Echo-awzgiadvdwbqtdciilaczfrndbdg/Build/Products/Debug-iphonesimulator/Echo.app/MobileCLIP-B-lt_text.mlmodelc -D SCRIPT_OUTPUT_FILE_1\=/Users/logansu/Library/Developer/Xcode/DerivedData/Echo-awzgiadvdwbqtdciilaczfrndbdg/Build/Intermediates.noindex/Echo.build/Debug-iphonesimulator/Echo.build/MobileCLIP-B-lt_text-CoreMLPartialInfo.plist -D SCRIPT_INPUT_FILE_0\=/Users/logansu/Documents/Dev/SwiftProjects/Echo/Echo/Resources/Models/MobileCLIP-B-lt_text.mlpackage -D SCRIPT_INPUT_FILE_1\=/Users/logansu/Documents/Dev/SwiftProjects/Echo/Echo/Resources/Models/MobileCLIP-B-lt_text.mlpackage -D SCRIPT_INPUT_ANCESTOR_0\=/ -D SCRIPT_INPUT_ANCESTOR_1\=/Users -D SCRIPT_INPUT_ANCESTOR_2\=/Users/logansu -D SCRIPT_INPUT_ANCESTOR_3\=/Users/logansu/Documents -D SCRIPT_INPUT_ANCESTOR_4\=/Users/logansu/Documents/Dev -D SCRIPT_INPUT_ANCESTOR_5\=/Users/logansu/Documents/Dev/SwiftProjects -D SCRIPT_INPUT_ANCESTOR_6\=/Users/logansu/Documents/Dev/SwiftProjects/Echo -D SCRIPT_INPUT_ANCESTOR_7\=/Users/logansu/Documents/Dev/SwiftProjects/Echo/Echo -D SCRIPT_INPUT_ANCESTOR_8\=/Users/logansu/Documents/Dev/SwiftProjects/Echo/Echo/Resources -D SCRIPT_INPUT_ANCESTOR_9\=/Users/logansu/Documents/Dev/SwiftProjects/Echo/Echo/Resources/Models -D SCRIPT_OUTPUT_ANCESTOR_0\=/ -D SCRIPT_OUTPUT_ANCESTOR_1\=/Users -D SCRIPT_OUTPUT_ANCESTOR_2\=/Users/logansu -D SCRIPT_OUTPUT_ANCESTOR_3\=/Users/logansu/Library -D SCRIPT_OUTPUT_ANCESTOR_4\=/Users/logansu/Library/Developer -D SCRIPT_OUTPUT_ANCESTOR_5\=/Users/logansu/Library/Developer/Xcode -D SCRIPT_OUTPUT_ANCESTOR_6\=/Users/logansu/Library/Developer/Xcode/DerivedData -D SCRIPT_OUTPUT_ANCESTOR_7\=/Users/logansu/Library/Developer/Xcode/DerivedData/Echo-awzgiadvdwbqtdciilaczfrndbdg -D SCRIPT_OUTPUT_ANCESTOR_8\=/Users/logansu/Library/Developer/Xcode/DerivedData/Echo-awzgiadvdwbqtdciilaczfrndbdg/Build -D SCRIPT_OUTPUT_ANCESTOR_9\=/Users/logansu/Library/Developer/Xcode/DerivedData/Echo-awzgiadvdwbqtdciilaczfrndbdg/Build/Intermediates.noindex -D SCRIPT_OUTPUT_ANCESTOR_10\=/Users/logansu/Library/Developer/Xcode/DerivedData/Echo-awzgiadvdwbqtdciilaczfrndbdg/Build/Intermediates.noindex/Echo.build -D SCRIPT_OUTPUT_ANCESTOR_11\=/Users/logansu/Library/Developer/Xcode/DerivedData/Echo-awzgiadvdwbqtdciilaczfrndbdg/Build/Intermediates.noindex/Echo.build/Debug-iphonesimulator -D SCRIPT_OUTPUT_ANCESTOR_12\=/Users/logansu/Library/Developer/Xcode/DerivedData/Echo-awzgiadvdwbqtdciilaczfrndbdg/Build/Intermediates.noindex/Echo.build/Debug-iphonesimulator/Echo.build -D SCRIPT_OUTPUT_ANCESTOR_13\=/Users/logansu/Library/Developer/Xcode/DerivedData/Echo-awzgiadvdwbqtdciilaczfrndbdg/Build/Products -D SCRIPT_OUTPUT_ANCESTOR_14\=/Users/logansu/Library/Developer/Xcode/DerivedData/Echo-awzgiadvdwbqtdciilaczfrndbdg/Build/Products/Debug-iphonesimulator -D SCRIPT_OUTPUT_ANCESTOR_15\=/Users/logansu/Library/Developer/Xcode/DerivedData/Echo-awzgiadvdwbqtdciilaczfrndbdg/Build/Products/Debug-iphonesimulator/Echo.app -D SRCROOT\=/Users/logansu/Documents/Dev/SwiftProjects/Echo -D PROJECT_DIR\=/Users/logansu/Documents/Dev/SwiftProjects/Echo -D OBJROOT\=/Users/logansu/Library/Developer/Xcode/DerivedData/Echo-awzgiadvdwbqtdciilaczfrndbdg/Build/Intermediates.noindex -D SYMROOT\=/Users/logansu/Library/Developer/Xcode/DerivedData/Echo-awzgiadvdwbqtdciilaczfrndbdg/Build/Products -D DSTROOT\=/tmp/Echo.dst -D SHARED_PRECOMPS_DIR\=/Users/logansu/Library/Developer/Xcode/DerivedData/Echo-awzgiadvdwbqtdciilaczfrndbdg/Build/Intermediates.noindex/PrecompiledHeaders -D CACHE_ROOT\=/var/folders/_r/6dh_2jf542d4p97jl9nqwk480000gn/C/com.apple.DeveloperTools/26.5-17F42/Xcode -D CONFIGURATION_BUILD_DIR\=/Users/logansu/Library/Developer/Xcode/DerivedData/Echo-awzgiadvdwbqtdciilaczfrndbdg/Build/Products/Debug-iphonesimulator -D CONFIGURATION_TEMP_DIR\=/Users/logansu/Library/Developer/Xcode/DerivedData/Echo-awzgiadvdwbqtdciilaczfrndbdg/Build/Intermediates.noindex/Echo.build/Debug-iphonesimulator -D LOCROOT\=/Users/logansu/Documents/Dev/SwiftProjects/Echo -D LOCSYMROOT\=/Users/logansu/Documents/Dev/SwiftProjects/Echo -D INDEX_PRECOMPS_DIR\=/Users/logansu/Library/Developer/Xcode/DerivedData/Echo-awzgiadvdwbqtdciilaczfrndbdg/Index.noindex/PrecompiledHeaders -D INDEX_DATA_STORE_DIR\=/Users/logansu/Library/Developer/Xcode/DerivedData/Echo-awzgiadvdwbqtdciilaczfrndbdg/Index.noindex/DataStore -D TEMP_DIR\=/Users/logansu/Library/Developer/Xcode/DerivedData/Echo-awzgiadvdwbqtdciilaczfrndbdg/Build/Intermediates.noindex/Echo.build/Debug-iphonesimulator/Echo.build -D TARGET_TEMP_DIR\=/Users/logansu/Library/Developer/Xcode/DerivedData/Echo-awzgiadvdwbqtdciilaczfrndbdg/Build/Intermediates.noindex/Echo.build/Debug-iphonesimulator/Echo.build -D DERIVED_FILE_DIR\=/Users/logansu/Library/Developer/Xcode/DerivedData/Echo-awzgiadvdwbqtdciilaczfrndbdg/Build/Intermediates.noindex/Echo.build/Debug-iphonesimulator/Echo.build/DerivedSources -f /Users/logansu/Library/Developer/Xcode/DerivedData/Echo-awzgiadvdwbqtdciilaczfrndbdg/Build/Intermediates.noindex/Echo.build/Debug-iphonesimulator/Echo.build/daff549f7380fa0e8f60433206e05e02.sb /Applications/Xcode.app/Contents/Developer/Toolchains/XcodeDefault.xctoolchain/usr/bin/coremlc compile /Users/logansu/Documents/Dev/SwiftProjects/Echo/Echo/Resources/Models/MobileCLIP-B-lt_text.mlpackage /Users/logansu/Library/Developer/Xcode/DerivedData/Echo-awzgiadvdwbqtdciilaczfrndbdg/Build/Products/Debug-iphonesimulator/Echo.app/ --deployment-target 18.0 --sdkroot /Applications/Xcode.app/Contents/Developer/Platforms/iPhoneSimulator.platform/Developer/SDKs/iPhoneSimulator26.5.sdk --platform ios --output-partial-info-plist /Users/logansu/Library/Developer/Xcode/DerivedData/Echo-awzgiadvdwbqtdciilaczfrndbdg/Build/Intermediates.noindex/Echo.build/Debug-iphonesimulator/Echo.build/MobileCLIP-B-lt_text-CoreMLPartialInfo.plist --container bundle-resources
/Users/logansu/Library/Developer/Xcode/DerivedData/Echo-awzgiadvdwbqtdciilaczfrndbdg/Build/Products/Debug-iphonesimulator/Echo.app/MobileCLIP-B-lt_text.mlmodelc/coremldata.bin

SwiftDriverJobDiscovery normal arm64 Compiling ProximaKit.swift, ProductQuantizer.swift, ProductQuantizerError.swift, ProductQuantizerPersistence.swift (in target 'ProximaKit' from project 'ProximaKit')

CoreMLModelCompile /Users/logansu/Library/Developer/Xcode/DerivedData/Echo-awzgiadvdwbqtdciilaczfrndbdg/Build/Products/Debug-iphonesimulator/Echo.app/ /Users/logansu/Documents/Dev/SwiftProjects/Echo/Echo/Resources/Models/MobileCLIP-B-lt_image.mlpackage (in target 'Echo' from project 'Echo')
    cd /Users/logansu/Documents/Dev/SwiftProjects/Echo
    /usr/bin/sandbox-exec -D SCRIPT_OUTPUT_FILE_0\=/Users/logansu/Library/Developer/Xcode/DerivedData/Echo-awzgiadvdwbqtdciilaczfrndbdg/Build/Products/Debug-iphonesimulator/Echo.app/MobileCLIP-B-lt_image.mlmodelc -D SCRIPT_OUTPUT_FILE_1\=/Users/logansu/Library/Developer/Xcode/DerivedData/Echo-awzgiadvdwbqtdciilaczfrndbdg/Build/Intermediates.noindex/Echo.build/Debug-iphonesimulator/Echo.build/MobileCLIP-B-lt_image-CoreMLPartialInfo.plist -D SCRIPT_INPUT_FILE_0\=/Users/logansu/Documents/Dev/SwiftProjects/Echo/Echo/Resources/Models/MobileCLIP-B-lt_image.mlpackage -D SCRIPT_INPUT_FILE_1\=/Users/logansu/Documents/Dev/SwiftProjects/Echo/Echo/Resources/Models/MobileCLIP-B-lt_image.mlpackage -D SCRIPT_INPUT_ANCESTOR_0\=/ -D SCRIPT_INPUT_ANCESTOR_1\=/Users -D SCRIPT_INPUT_ANCESTOR_2\=/Users/logansu -D SCRIPT_INPUT_ANCESTOR_3\=/Users/logansu/Documents -D SCRIPT_INPUT_ANCESTOR_4\=/Users/logansu/Documents/Dev -D SCRIPT_INPUT_ANCESTOR_5\=/Users/logansu/Documents/Dev/SwiftProjects -D SCRIPT_INPUT_ANCESTOR_6\=/Users/logansu/Documents/Dev/SwiftProjects/Echo -D SCRIPT_INPUT_ANCESTOR_7\=/Users/logansu/Documents/Dev/SwiftProjects/Echo/Echo -D SCRIPT_INPUT_ANCESTOR_8\=/Users/logansu/Documents/Dev/SwiftProjects/Echo/Echo/Resources -D SCRIPT_INPUT_ANCESTOR_9\=/Users/logansu/Documents/Dev/SwiftProjects/Echo/Echo/Resources/Models -D SCRIPT_OUTPUT_ANCESTOR_0\=/ -D SCRIPT_OUTPUT_ANCESTOR_1\=/Users -D SCRIPT_OUTPUT_ANCESTOR_2\=/Users/logansu -D SCRIPT_OUTPUT_ANCESTOR_3\=/Users/logansu/Library -D SCRIPT_OUTPUT_ANCESTOR_4\=/Users/logansu/Library/Developer -D SCRIPT_OUTPUT_ANCESTOR_5\=/Users/logansu/Library/Developer/Xcode -D SCRIPT_OUTPUT_ANCESTOR_6\=/Users/logansu/Library/Developer/Xcode/DerivedData -D SCRIPT_OUTPUT_ANCESTOR_7\=/Users/logansu/Library/Developer/Xcode/DerivedData/Echo-awzgiadvdwbqtdciilaczfrndbdg -D SCRIPT_OUTPUT_ANCESTOR_8\=/Users/logansu/Library/Developer/Xcode/DerivedData/Echo-awzgiadvdwbqtdciilaczfrndbdg/Build -D SCRIPT_OUTPUT_ANCESTOR_9\=/Users/logansu/Library/Developer/Xcode/DerivedData/Echo-awzgiadvdwbqtdciilaczfrndbdg/Build/Intermediates.noindex -D SCRIPT_OUTPUT_ANCESTOR_10\=/Users/logansu/Library/Developer/Xcode/DerivedData/Echo-awzgiadvdwbqtdciilaczfrndbdg/Build/Intermediates.noindex/Echo.build -D SCRIPT_OUTPUT_ANCESTOR_11\=/Users/logansu/Library/Developer/Xcode/DerivedData/Echo-awzgiadvdwbqtdciilaczfrndbdg/Build/Intermediates.noindex/Echo.build/Debug-iphonesimulator -D SCRIPT_OUTPUT_ANCESTOR_12\=/Users/logansu/Library/Developer/Xcode/DerivedData/Echo-awzgiadvdwbqtdciilaczfrndbdg/Build/Intermediates.noindex/Echo.build/Debug-iphonesimulator/Echo.build -D SCRIPT_OUTPUT_ANCESTOR_13\=/Users/logansu/Library/Developer/Xcode/DerivedData/Echo-awzgiadvdwbqtdciilaczfrndbdg/Build/Products -D SCRIPT_OUTPUT_ANCESTOR_14\=/Users/logansu/Library/Developer/Xcode/DerivedData/Echo-awzgiadvdwbqtdciilaczfrndbdg/Build/Products/Debug-iphonesimulator -D SCRIPT_OUTPUT_ANCESTOR_15\=/Users/logansu/Library/Developer/Xcode/DerivedData/Echo-awzgiadvdwbqtdciilaczfrndbdg/Build/Products/Debug-iphonesimulator/Echo.app -D SRCROOT\=/Users/logansu/Documents/Dev/SwiftProjects/Echo -D PROJECT_DIR\=/Users/logansu/Documents/Dev/SwiftProjects/Echo -D OBJROOT\=/Users/logansu/Library/Developer/Xcode/DerivedData/Echo-awzgiadvdwbqtdciilaczfrndbdg/Build/Intermediates.noindex -D SYMROOT\=/Users/logansu/Library/Developer/Xcode/DerivedData/Echo-awzgiadvdwbqtdciilaczfrndbdg/Build/Products -D DSTROOT\=/tmp/Echo.dst -D SHARED_PRECOMPS_DIR\=/Users/logansu/Library/Developer/Xcode/DerivedData/Echo-awzgiadvdwbqtdciilaczfrndbdg/Build/Intermediates.noindex/PrecompiledHeaders -D CACHE_ROOT\=/var/folders/_r/6dh_2jf542d4p97jl9nqwk480000gn/C/com.apple.DeveloperTools/26.5-17F42/Xcode -D CONFIGURATION_BUILD_DIR\=/Users/logansu/Library/Developer/Xcode/DerivedData/Echo-awzgiadvdwbqtdciilaczfrndbdg/Build/Products/Debug-iphonesimulator -D CONFIGURATION_TEMP_DIR\=/Users/logansu/Library/Developer/Xcode/DerivedData/Echo-awzgiadvdwbqtdciilaczfrndbdg/Build/Intermediates.noindex/Echo.build/Debug-iphonesimulator -D LOCROOT\=/Users/logansu/Documents/Dev/SwiftProjects/Echo -D LOCSYMROOT\=/Users/logansu/Documents/Dev/SwiftProjects/Echo -D INDEX_PRECOMPS_DIR\=/Users/logansu/Library/Developer/Xcode/DerivedData/Echo-awzgiadvdwbqtdciilaczfrndbdg/Index.noindex/PrecompiledHeaders -D INDEX_DATA_STORE_DIR\=/Users/logansu/Library/Developer/Xcode/DerivedData/Echo-awzgiadvdwbqtdciilaczfrndbdg/Index.noindex/DataStore -D TEMP_DIR\=/Users/logansu/Library/Developer/Xcode/DerivedData/Echo-awzgiadvdwbqtdciilaczfrndbdg/Build/Intermediates.noindex/Echo.build/Debug-iphonesimulator/Echo.build -D TARGET_TEMP_DIR\=/Users/logansu/Library/Developer/Xcode/DerivedData/Echo-awzgiadvdwbqtdciilaczfrndbdg/Build/Intermediates.noindex/Echo.build/Debug-iphonesimulator/Echo.build -D DERIVED_FILE_DIR\=/Users/logansu/Library/Developer/Xcode/DerivedData/Echo-awzgiadvdwbqtdciilaczfrndbdg/Build/Intermediates.noindex/Echo.build/Debug-iphonesimulator/Echo.build/DerivedSources -f /Users/logansu/Library/Developer/Xcode/DerivedData/Echo-awzgiadvdwbqtdciilaczfrndbdg/Build/Intermediates.noindex/Echo.build/Debug-iphonesimulator/Echo.build/ff102b281b0b15acf540c56aee08facf.sb /Applications/Xcode.app/Contents/Developer/Toolchains/XcodeDefault.xctoolchain/usr/bin/coremlc compile /Users/logansu/Documents/Dev/SwiftProjects/Echo/Echo/Resources/Models/MobileCLIP-B-lt_image.mlpackage /Users/logansu/Library/Developer/Xcode/DerivedData/Echo-awzgiadvdwbqtdciilaczfrndbdg/Build/Products/Debug-iphonesimulator/Echo.app/ --deployment-target 18.0 --sdkroot /Applications/Xcode.app/Contents/Developer/Platforms/iPhoneSimulator.platform/Developer/SDKs/iPhoneSimulator26.5.sdk --platform ios --output-partial-info-plist /Users/logansu/Library/Developer/Xcode/DerivedData/Echo-awzgiadvdwbqtdciilaczfrndbdg/Build/Intermediates.noindex/Echo.build/Debug-iphonesimulator/Echo.build/MobileCLIP-B-lt_image-CoreMLPartialInfo.plist --container bundle-resources
/Users/logansu/Library/Developer/Xcode/DerivedData/Echo-awzgiadvdwbqtdciilaczfrndbdg/Build/Products/Debug-iphonesimulator/Echo.app/MobileCLIP-B-lt_image.mlmodelc/coremldata.bin

CoreMLModelCodegen /Users/logansu/Documents/Dev/SwiftProjects/Echo/Echo/Resources/Models/MultilingualE5Small.mlpackage (in target 'Echo' from project 'Echo')
    cd /Users/logansu/Documents/Dev/SwiftProjects/Echo
    /usr/bin/sandbox-exec -D SCRIPT_OUTPUT_FILE_0\=/Users/logansu/Library/Developer/Xcode/DerivedData/Echo-awzgiadvdwbqtdciilaczfrndbdg/Build/Intermediates.noindex/Echo.build/Debug-iphonesimulator/Echo.build/DerivedSources/CoreMLGenerated/MultilingualE5Small/MultilingualE5Small.swift -D SCRIPT_INPUT_FILE_0\=/Users/logansu/Documents/Dev/SwiftProjects/Echo/Echo/Resources/Models/MultilingualE5Small.mlpackage -D SCRIPT_INPUT_ANCESTOR_0\=/ -D SCRIPT_INPUT_ANCESTOR_1\=/Users -D SCRIPT_INPUT_ANCESTOR_2\=/Users/logansu -D SCRIPT_INPUT_ANCESTOR_3\=/Users/logansu/Documents -D SCRIPT_INPUT_ANCESTOR_4\=/Users/logansu/Documents/Dev -D SCRIPT_INPUT_ANCESTOR_5\=/Users/logansu/Documents/Dev/SwiftProjects -D SCRIPT_INPUT_ANCESTOR_6\=/Users/logansu/Documents/Dev/SwiftProjects/Echo -D SCRIPT_INPUT_ANCESTOR_7\=/Users/logansu/Documents/Dev/SwiftProjects/Echo/Echo -D SCRIPT_INPUT_ANCESTOR_8\=/Users/logansu/Documents/Dev/SwiftProjects/Echo/Echo/Resources -D SCRIPT_INPUT_ANCESTOR_9\=/Users/logansu/Documents/Dev/SwiftProjects/Echo/Echo/Resources/Models -D SCRIPT_OUTPUT_ANCESTOR_0\=/ -D SCRIPT_OUTPUT_ANCESTOR_1\=/Users -D SCRIPT_OUTPUT_ANCESTOR_2\=/Users/logansu -D SCRIPT_OUTPUT_ANCESTOR_3\=/Users/logansu/Library -D SCRIPT_OUTPUT_ANCESTOR_4\=/Users/logansu/Library/Developer -D SCRIPT_OUTPUT_ANCESTOR_5\=/Users/logansu/Library/Developer/Xcode -D SCRIPT_OUTPUT_ANCESTOR_6\=/Users/logansu/Library/Developer/Xcode/DerivedData -D SCRIPT_OUTPUT_ANCESTOR_7\=/Users/logansu/Library/Developer/Xcode/DerivedData/Echo-awzgiadvdwbqtdciilaczfrndbdg -D SCRIPT_OUTPUT_ANCESTOR_8\=/Users/logansu/Library/Developer/Xcode/DerivedData/Echo-awzgiadvdwbqtdciilaczfrndbdg/Build -D SCRIPT_OUTPUT_ANCESTOR_9\=/Users/logansu/Library/Developer/Xcode/DerivedData/Echo-awzgiadvdwbqtdciilaczfrndbdg/Build/Intermediates.noindex -D SCRIPT_OUTPUT_ANCESTOR_10\=/Users/logansu/Library/Developer/Xcode/DerivedData/Echo-awzgiadvdwbqtdciilaczfrndbdg/Build/Intermediates.noindex/Echo.build -D SCRIPT_OUTPUT_ANCESTOR_11\=/Users/logansu/Library/Developer/Xcode/DerivedData/Echo-awzgiadvdwbqtdciilaczfrndbdg/Build/Intermediates.noindex/Echo.build/Debug-iphonesimulator -D SCRIPT_OUTPUT_ANCESTOR_12\=/Users/logansu/Library/Developer/Xcode/DerivedData/Echo-awzgiadvdwbqtdciilaczfrndbdg/Build/Intermediates.noindex/Echo.build/Debug-iphonesimulator/Echo.build -D SCRIPT_OUTPUT_ANCESTOR_13\=/Users/logansu/Library/Developer/Xcode/DerivedData/Echo-awzgiadvdwbqtdciilaczfrndbdg/Build/Intermediates.noindex/Echo.build/Debug-iphonesimulator/Echo.build/DerivedSources -D SCRIPT_OUTPUT_ANCESTOR_14\=/Users/logansu/Library/Developer/Xcode/DerivedData/Echo-awzgiadvdwbqtdciilaczfrndbdg/Build/Intermediates.noindex/Echo.build/Debug-iphonesimulator/Echo.build/DerivedSources/CoreMLGenerated -D SCRIPT_OUTPUT_ANCESTOR_15\=/Users/logansu/Library/Developer/Xcode/DerivedData/Echo-awzgiadvdwbqtdciilaczfrndbdg/Build/Intermediates.noindex/Echo.build/Debug-iphonesimulator/Echo.build/DerivedSources/CoreMLGenerated/MultilingualE5Small -D SRCROOT\=/Users/logansu/Documents/Dev/SwiftProjects/Echo -D PROJECT_DIR\=/Users/logansu/Documents/Dev/SwiftProjects/Echo -D OBJROOT\=/Users/logansu/Library/Developer/Xcode/DerivedData/Echo-awzgiadvdwbqtdciilaczfrndbdg/Build/Intermediates.noindex -D SYMROOT\=/Users/logansu/Library/Developer/Xcode/DerivedData/Echo-awzgiadvdwbqtdciilaczfrndbdg/Build/Products -D DSTROOT\=/tmp/Echo.dst -D SHARED_PRECOMPS_DIR\=/Users/logansu/Library/Developer/Xcode/DerivedData/Echo-awzgiadvdwbqtdciilaczfrndbdg/Build/Intermediates.noindex/PrecompiledHeaders -D CACHE_ROOT\=/var/folders/_r/6dh_2jf542d4p97jl9nqwk480000gn/C/com.apple.DeveloperTools/26.5-17F42/Xcode -D CONFIGURATION_BUILD_DIR\=/Users/logansu/Library/Developer/Xcode/DerivedData/Echo-awzgiadvdwbqtdciilaczfrndbdg/Build/Products/Debug-iphonesimulator -D CONFIGURATION_TEMP_DIR\=/Users/logansu/Library/Developer/Xcode/DerivedData/Echo-awzgiadvdwbqtdciilaczfrndbdg/Build/Intermediates.noindex/Echo.build/Debug-iphonesimulator -D LOCROOT\=/Users/logansu/Documents/Dev/SwiftProjects/Echo -D LOCSYMROOT\=/Users/logansu/Documents/Dev/SwiftProjects/Echo -D INDEX_PRECOMPS_DIR\=/Users/logansu/Library/Developer/Xcode/DerivedData/Echo-awzgiadvdwbqtdciilaczfrndbdg/Index.noindex/PrecompiledHeaders -D INDEX_DATA_STORE_DIR\=/Users/logansu/Library/Developer/Xcode/DerivedData/Echo-awzgiadvdwbqtdciilaczfrndbdg/Index.noindex/DataStore -D TEMP_DIR\=/Users/logansu/Library/Developer/Xcode/DerivedData/Echo-awzgiadvdwbqtdciilaczfrndbdg/Build/Intermediates.noindex/Echo.build/Debug-iphonesimulator/Echo.build -D TARGET_TEMP_DIR\=/Users/logansu/Library/Developer/Xcode/DerivedData/Echo-awzgiadvdwbqtdciilaczfrndbdg/Build/Intermediates.noindex/Echo.build/Debug-iphonesimulator/Echo.build -D DERIVED_FILE_DIR\=/Users/logansu/Library/Developer/Xcode/DerivedData/Echo-awzgiadvdwbqtdciilaczfrndbdg/Build/Intermediates.noindex/Echo.build/Debug-iphonesimulator/Echo.build/DerivedSources -f /Users/logansu/Library/Developer/Xcode/DerivedData/Echo-awzgiadvdwbqtdciilaczfrndbdg/Build/Intermediates.noindex/Echo.build/Debug-iphonesimulator/Echo.build/a96c4c65ef505b0bcee62847a3e4eb17.sb /Applications/Xcode.app/Contents/Developer/Toolchains/XcodeDefault.xctoolchain/usr/bin/coremlc generate /Users/logansu/Documents/Dev/SwiftProjects/Echo/Echo/Resources/Models/MultilingualE5Small.mlpackage /Users/logansu/Library/Developer/Xcode/DerivedData/Echo-awzgiadvdwbqtdciilaczfrndbdg/Build/Intermediates.noindex/Echo.build/Debug-iphonesimulator/Echo.build/DerivedSources/CoreMLGenerated/MultilingualE5Small --deployment-target 18.0 --sdkroot /Applications/Xcode.app/Contents/Developer/Platforms/iPhoneSimulator.platform/Developer/SDKs/iPhoneSimulator26.5.sdk --platform ios --output-partial-info-plist /Users/logansu/Library/Developer/Xcode/DerivedData/Echo-awzgiadvdwbqtdciilaczfrndbdg/Build/Intermediates.noindex/Echo.build/Debug-iphonesimulator/Echo.build/MultilingualE5Small-CoreMLPartialInfo.plist --container bundle-resources --language Swift --swift-version 6.0
/Users/logansu/Library/Developer/Xcode/DerivedData/Echo-awzgiadvdwbqtdciilaczfrndbdg/Build/Intermediates.noindex/Echo.build/Debug-iphonesimulator/Echo.build/DerivedSources/CoreMLGenerated/MultilingualE5Small/MultilingualE5Small.swift

SwiftDriverJobDiscovery normal arm64 Compiling BatchDistance.swift, DistanceMetric.swift, DistanceMetricType.swift, MetalBatchDistance.swift, BM25Tokenizer.swift (in target 'ProximaKit' from project 'ProximaKit')

SwiftDriverJobDiscovery normal arm64 Compiling TextEmbedder.swift, VectorStore.swift, VectorStoreError.swift, Vector.swift (in target 'ProximaKit' from project 'ProximaKit')

CoreMLModelCodegen /Users/logansu/Documents/Dev/SwiftProjects/Echo/Echo/Resources/Models/MobileCLIP-B-lt_text.mlpackage (in target 'Echo' from project 'Echo')
    cd /Users/logansu/Documents/Dev/SwiftProjects/Echo
    /usr/bin/sandbox-exec -D SCRIPT_OUTPUT_FILE_0\=/Users/logansu/Library/Developer/Xcode/DerivedData/Echo-awzgiadvdwbqtdciilaczfrndbdg/Build/Intermediates.noindex/Echo.build/Debug-iphonesimulator/Echo.build/DerivedSources/CoreMLGenerated/MobileCLIP-B-lt_text/MobileCLIP-B-lt_text.swift -D SCRIPT_INPUT_FILE_0\=/Users/logansu/Documents/Dev/SwiftProjects/Echo/Echo/Resources/Models/MobileCLIP-B-lt_text.mlpackage -D SCRIPT_INPUT_ANCESTOR_0\=/ -D SCRIPT_INPUT_ANCESTOR_1\=/Users -D SCRIPT_INPUT_ANCESTOR_2\=/Users/logansu -D SCRIPT_INPUT_ANCESTOR_3\=/Users/logansu/Documents -D SCRIPT_INPUT_ANCESTOR_4\=/Users/logansu/Documents/Dev -D SCRIPT_INPUT_ANCESTOR_5\=/Users/logansu/Documents/Dev/SwiftProjects -D SCRIPT_INPUT_ANCESTOR_6\=/Users/logansu/Documents/Dev/SwiftProjects/Echo -D SCRIPT_INPUT_ANCESTOR_7\=/Users/logansu/Documents/Dev/SwiftProjects/Echo/Echo -D SCRIPT_INPUT_ANCESTOR_8\=/Users/logansu/Documents/Dev/SwiftProjects/Echo/Echo/Resources -D SCRIPT_INPUT_ANCESTOR_9\=/Users/logansu/Documents/Dev/SwiftProjects/Echo/Echo/Resources/Models -D SCRIPT_OUTPUT_ANCESTOR_0\=/ -D SCRIPT_OUTPUT_ANCESTOR_1\=/Users -D SCRIPT_OUTPUT_ANCESTOR_2\=/Users/logansu -D SCRIPT_OUTPUT_ANCESTOR_3\=/Users/logansu/Library -D SCRIPT_OUTPUT_ANCESTOR_4\=/Users/logansu/Library/Developer -D SCRIPT_OUTPUT_ANCESTOR_5\=/Users/logansu/Library/Developer/Xcode -D SCRIPT_OUTPUT_ANCESTOR_6\=/Users/logansu/Library/Developer/Xcode/DerivedData -D SCRIPT_OUTPUT_ANCESTOR_7\=/Users/logansu/Library/Developer/Xcode/DerivedData/Echo-awzgiadvdwbqtdciilaczfrndbdg -D SCRIPT_OUTPUT_ANCESTOR_8\=/Users/logansu/Library/Developer/Xcode/DerivedData/Echo-awzgiadvdwbqtdciilaczfrndbdg/Build -D SCRIPT_OUTPUT_ANCESTOR_9\=/Users/logansu/Library/Developer/Xcode/DerivedData/Echo-awzgiadvdwbqtdciilaczfrndbdg/Build/Intermediates.noindex -D SCRIPT_OUTPUT_ANCESTOR_10\=/Users/logansu/Library/Developer/Xcode/DerivedData/Echo-awzgiadvdwbqtdciilaczfrndbdg/Build/Intermediates.noindex/Echo.build -D SCRIPT_OUTPUT_ANCESTOR_11\=/Users/logansu/Library/Developer/Xcode/DerivedData/Echo-awzgiadvdwbqtdciilaczfrndbdg/Build/Intermediates.noindex/Echo.build/Debug-iphonesimulator -D SCRIPT_OUTPUT_ANCESTOR_12\=/Users/logansu/Library/Developer/Xcode/DerivedData/Echo-awzgiadvdwbqtdciilaczfrndbdg/Build/Intermediates.noindex/Echo.build/Debug-iphonesimulator/Echo.build -D SCRIPT_OUTPUT_ANCESTOR_13\=/Users/logansu/Library/Developer/Xcode/DerivedData/Echo-awzgiadvdwbqtdciilaczfrndbdg/Build/Intermediates.noindex/Echo.build/Debug-iphonesimulator/Echo.build/DerivedSources -D SCRIPT_OUTPUT_ANCESTOR_14\=/Users/logansu/Library/Developer/Xcode/DerivedData/Echo-awzgiadvdwbqtdciilaczfrndbdg/Build/Intermediates.noindex/Echo.build/Debug-iphonesimulator/Echo.build/DerivedSources/CoreMLGenerated -D SCRIPT_OUTPUT_ANCESTOR_15\=/Users/logansu/Library/Developer/Xcode/DerivedData/Echo-awzgiadvdwbqtdciilaczfrndbdg/Build/Intermediates.noindex/Echo.build/Debug-iphonesimulator/Echo.build/DerivedSources/CoreMLGenerated/MobileCLIP-B-lt_text -D SRCROOT\=/Users/logansu/Documents/Dev/SwiftProjects/Echo -D PROJECT_DIR\=/Users/logansu/Documents/Dev/SwiftProjects/Echo -D OBJROOT\=/Users/logansu/Library/Developer/Xcode/DerivedData/Echo-awzgiadvdwbqtdciilaczfrndbdg/Build/Intermediates.noindex -D SYMROOT\=/Users/logansu/Library/Developer/Xcode/DerivedData/Echo-awzgiadvdwbqtdciilaczfrndbdg/Build/Products -D DSTROOT\=/tmp/Echo.dst -D SHARED_PRECOMPS_DIR\=/Users/logansu/Library/Developer/Xcode/DerivedData/Echo-awzgiadvdwbqtdciilaczfrndbdg/Build/Intermediates.noindex/PrecompiledHeaders -D CACHE_ROOT\=/var/folders/_r/6dh_2jf542d4p97jl9nqwk480000gn/C/com.apple.DeveloperTools/26.5-17F42/Xcode -D CONFIGURATION_BUILD_DIR\=/Users/logansu/Library/Developer/Xcode/DerivedData/Echo-awzgiadvdwbqtdciilaczfrndbdg/Build/Products/Debug-iphonesimulator -D CONFIGURATION_TEMP_DIR\=/Users/logansu/Library/Developer/Xcode/DerivedData/Echo-awzgiadvdwbqtdciilaczfrndbdg/Build/Intermediates.noindex/Echo.build/Debug-iphonesimulator -D LOCROOT\=/Users/logansu/Documents/Dev/SwiftProjects/Echo -D LOCSYMROOT\=/Users/logansu/Documents/Dev/SwiftProjects/Echo -D INDEX_PRECOMPS_DIR\=/Users/logansu/Library/Developer/Xcode/DerivedData/Echo-awzgiadvdwbqtdciilaczfrndbdg/Index.noindex/PrecompiledHeaders -D INDEX_DATA_STORE_DIR\=/Users/logansu/Library/Developer/Xcode/DerivedData/Echo-awzgiadvdwbqtdciilaczfrndbdg/Index.noindex/DataStore -D TEMP_DIR\=/Users/logansu/Library/Developer/Xcode/DerivedData/Echo-awzgiadvdwbqtdciilaczfrndbdg/Build/Intermediates.noindex/Echo.build/Debug-iphonesimulator/Echo.build -D TARGET_TEMP_DIR\=/Users/logansu/Library/Developer/Xcode/DerivedData/Echo-awzgiadvdwbqtdciilaczfrndbdg/Build/Intermediates.noindex/Echo.build/Debug-iphonesimulator/Echo.build -D DERIVED_FILE_DIR\=/Users/logansu/Library/Developer/Xcode/DerivedData/Echo-awzgiadvdwbqtdciilaczfrndbdg/Build/Intermediates.noindex/Echo.build/Debug-iphonesimulator/Echo.build/DerivedSources -f /Users/logansu/Library/Developer/Xcode/DerivedData/Echo-awzgiadvdwbqtdciilaczfrndbdg/Build/Intermediates.noindex/Echo.build/Debug-iphonesimulator/Echo.build/7d0f02554662cbb7339d8ba393dc6e28.sb /Applications/Xcode.app/Contents/Developer/Toolchains/XcodeDefault.xctoolchain/usr/bin/coremlc generate /Users/logansu/Documents/Dev/SwiftProjects/Echo/Echo/Resources/Models/MobileCLIP-B-lt_text.mlpackage /Users/logansu/Library/Developer/Xcode/DerivedData/Echo-awzgiadvdwbqtdciilaczfrndbdg/Build/Intermediates.noindex/Echo.build/Debug-iphonesimulator/Echo.build/DerivedSources/CoreMLGenerated/MobileCLIP-B-lt_text --deployment-target 18.0 --sdkroot /Applications/Xcode.app/Contents/Developer/Platforms/iPhoneSimulator.platform/Developer/SDKs/iPhoneSimulator26.5.sdk --platform ios --output-partial-info-plist /Users/logansu/Library/Developer/Xcode/DerivedData/Echo-awzgiadvdwbqtdciilaczfrndbdg/Build/Intermediates.noindex/Echo.build/Debug-iphonesimulator/Echo.build/MobileCLIP-B-lt_text-CoreMLPartialInfo.plist --container bundle-resources --language Swift --swift-version 6.0
/Users/logansu/Library/Developer/Xcode/DerivedData/Echo-awzgiadvdwbqtdciilaczfrndbdg/Build/Intermediates.noindex/Echo.build/Debug-iphonesimulator/Echo.build/DerivedSources/CoreMLGenerated/MobileCLIP-B-lt_text/MobileCLIP-B-lt_text.swift

SwiftDriverJobDiscovery normal arm64 Compiling PersistenceError.swift, SparseIndexPersistence.swift, WALFormat.swift, WALJournal.swift (in target 'ProximaKit' from project 'ProximaKit')

CoreMLModelCodegen /Users/logansu/Documents/Dev/SwiftProjects/Echo/Echo/Resources/Models/MobileCLIP-B-lt_image.mlpackage (in target 'Echo' from project 'Echo')
    cd /Users/logansu/Documents/Dev/SwiftProjects/Echo
    /usr/bin/sandbox-exec -D SCRIPT_OUTPUT_FILE_0\=/Users/logansu/Library/Developer/Xcode/DerivedData/Echo-awzgiadvdwbqtdciilaczfrndbdg/Build/Intermediates.noindex/Echo.build/Debug-iphonesimulator/Echo.build/DerivedSources/CoreMLGenerated/MobileCLIP-B-lt_image/MobileCLIP-B-lt_image.swift -D SCRIPT_INPUT_FILE_0\=/Users/logansu/Documents/Dev/SwiftProjects/Echo/Echo/Resources/Models/MobileCLIP-B-lt_image.mlpackage -D SCRIPT_INPUT_ANCESTOR_0\=/ -D SCRIPT_INPUT_ANCESTOR_1\=/Users -D SCRIPT_INPUT_ANCESTOR_2\=/Users/logansu -D SCRIPT_INPUT_ANCESTOR_3\=/Users/logansu/Documents -D SCRIPT_INPUT_ANCESTOR_4\=/Users/logansu/Documents/Dev -D SCRIPT_INPUT_ANCESTOR_5\=/Users/logansu/Documents/Dev/SwiftProjects -D SCRIPT_INPUT_ANCESTOR_6\=/Users/logansu/Documents/Dev/SwiftProjects/Echo -D SCRIPT_INPUT_ANCESTOR_7\=/Users/logansu/Documents/Dev/SwiftProjects/Echo/Echo -D SCRIPT_INPUT_ANCESTOR_8\=/Users/logansu/Documents/Dev/SwiftProjects/Echo/Echo/Resources -D SCRIPT_INPUT_ANCESTOR_9\=/Users/logansu/Documents/Dev/SwiftProjects/Echo/Echo/Resources/Models -D SCRIPT_OUTPUT_ANCESTOR_0\=/ -D SCRIPT_OUTPUT_ANCESTOR_1\=/Users -D SCRIPT_OUTPUT_ANCESTOR_2\=/Users/logansu -D SCRIPT_OUTPUT_ANCESTOR_3\=/Users/logansu/Library -D SCRIPT_OUTPUT_ANCESTOR_4\=/Users/logansu/Library/Developer -D SCRIPT_OUTPUT_ANCESTOR_5\=/Users/logansu/Library/Developer/Xcode -D SCRIPT_OUTPUT_ANCESTOR_6\=/Users/logansu/Library/Developer/Xcode/DerivedData -D SCRIPT_OUTPUT_ANCESTOR_7\=/Users/logansu/Library/Developer/Xcode/DerivedData/Echo-awzgiadvdwbqtdciilaczfrndbdg -D SCRIPT_OUTPUT_ANCESTOR_8\=/Users/logansu/Library/Developer/Xcode/DerivedData/Echo-awzgiadvdwbqtdciilaczfrndbdg/Build -D SCRIPT_OUTPUT_ANCESTOR_9\=/Users/logansu/Library/Developer/Xcode/DerivedData/Echo-awzgiadvdwbqtdciilaczfrndbdg/Build/Intermediates.noindex -D SCRIPT_OUTPUT_ANCESTOR_10\=/Users/logansu/Library/Developer/Xcode/DerivedData/Echo-awzgiadvdwbqtdciilaczfrndbdg/Build/Intermediates.noindex/Echo.build -D SCRIPT_OUTPUT_ANCESTOR_11\=/Users/logansu/Library/Developer/Xcode/DerivedData/Echo-awzgiadvdwbqtdciilaczfrndbdg/Build/Intermediates.noindex/Echo.build/Debug-iphonesimulator -D SCRIPT_OUTPUT_ANCESTOR_12\=/Users/logansu/Library/Developer/Xcode/DerivedData/Echo-awzgiadvdwbqtdciilaczfrndbdg/Build/Intermediates.noindex/Echo.build/Debug-iphonesimulator/Echo.build -D SCRIPT_OUTPUT_ANCESTOR_13\=/Users/logansu/Library/Developer/Xcode/DerivedData/Echo-awzgiadvdwbqtdciilaczfrndbdg/Build/Intermediates.noindex/Echo.build/Debug-iphonesimulator/Echo.build/DerivedSources -D SCRIPT_OUTPUT_ANCESTOR_14\=/Users/logansu/Library/Developer/Xcode/DerivedData/Echo-awzgiadvdwbqtdciilaczfrndbdg/Build/Intermediates.noindex/Echo.build/Debug-iphonesimulator/Echo.build/DerivedSources/CoreMLGenerated -D SCRIPT_OUTPUT_ANCESTOR_15\=/Users/logansu/Library/Developer/Xcode/DerivedData/Echo-awzgiadvdwbqtdciilaczfrndbdg/Build/Intermediates.noindex/Echo.build/Debug-iphonesimulator/Echo.build/DerivedSources/CoreMLGenerated/MobileCLIP-B-lt_image -D SRCROOT\=/Users/logansu/Documents/Dev/SwiftProjects/Echo -D PROJECT_DIR\=/Users/logansu/Documents/Dev/SwiftProjects/Echo -D OBJROOT\=/Users/logansu/Library/Developer/Xcode/DerivedData/Echo-awzgiadvdwbqtdciilaczfrndbdg/Build/Intermediates.noindex -D SYMROOT\=/Users/logansu/Library/Developer/Xcode/DerivedData/Echo-awzgiadvdwbqtdciilaczfrndbdg/Build/Products -D DSTROOT\=/tmp/Echo.dst -D SHARED_PRECOMPS_DIR\=/Users/logansu/Library/Developer/Xcode/DerivedData/Echo-awzgiadvdwbqtdciilaczfrndbdg/Build/Intermediates.noindex/PrecompiledHeaders -D CACHE_ROOT\=/var/folders/_r/6dh_2jf542d4p97jl9nqwk480000gn/C/com.apple.DeveloperTools/26.5-17F42/Xcode -D CONFIGURATION_BUILD_DIR\=/Users/logansu/Library/Developer/Xcode/DerivedData/Echo-awzgiadvdwbqtdciilaczfrndbdg/Build/Products/Debug-iphonesimulator -D CONFIGURATION_TEMP_DIR\=/Users/logansu/Library/Developer/Xcode/DerivedData/Echo-awzgiadvdwbqtdciilaczfrndbdg/Build/Intermediates.noindex/Echo.build/Debug-iphonesimulator -D LOCROOT\=/Users/logansu/Documents/Dev/SwiftProjects/Echo -D LOCSYMROOT\=/Users/logansu/Documents/Dev/SwiftProjects/Echo -D INDEX_PRECOMPS_DIR\=/Users/logansu/Library/Developer/Xcode/DerivedData/Echo-awzgiadvdwbqtdciilaczfrndbdg/Index.noindex/PrecompiledHeaders -D INDEX_DATA_STORE_DIR\=/Users/logansu/Library/Developer/Xcode/DerivedData/Echo-awzgiadvdwbqtdciilaczfrndbdg/Index.noindex/DataStore -D TEMP_DIR\=/Users/logansu/Library/Developer/Xcode/DerivedData/Echo-awzgiadvdwbqtdciilaczfrndbdg/Build/Intermediates.noindex/Echo.build/Debug-iphonesimulator/Echo.build -D TARGET_TEMP_DIR\=/Users/logansu/Library/Developer/Xcode/DerivedData/Echo-awzgiadvdwbqtdciilaczfrndbdg/Build/Intermediates.noindex/Echo.build/Debug-iphonesimulator/Echo.build -D DERIVED_FILE_DIR\=/Users/logansu/Library/Developer/Xcode/DerivedData/Echo-awzgiadvdwbqtdciilaczfrndbdg/Build/Intermediates.noindex/Echo.build/Debug-iphonesimulator/Echo.build/DerivedSources -f /Users/logansu/Library/Developer/Xcode/DerivedData/Echo-awzgiadvdwbqtdciilaczfrndbdg/Build/Intermediates.noindex/Echo.build/Debug-iphonesimulator/Echo.build/be09825bf24b352148d795789ec78a40.sb /Applications/Xcode.app/Contents/Developer/Toolchains/XcodeDefault.xctoolchain/usr/bin/coremlc generate /Users/logansu/Documents/Dev/SwiftProjects/Echo/Echo/Resources/Models/MobileCLIP-B-lt_image.mlpackage /Users/logansu/Library/Developer/Xcode/DerivedData/Echo-awzgiadvdwbqtdciilaczfrndbdg/Build/Intermediates.noindex/Echo.build/Debug-iphonesimulator/Echo.build/DerivedSources/CoreMLGenerated/MobileCLIP-B-lt_image --deployment-target 18.0 --sdkroot /Applications/Xcode.app/Contents/Developer/Platforms/iPhoneSimulator.platform/Developer/SDKs/iPhoneSimulator26.5.sdk --platform ios --output-partial-info-plist /Users/logansu/Library/Developer/Xcode/DerivedData/Echo-awzgiadvdwbqtdciilaczfrndbdg/Build/Intermediates.noindex/Echo.build/Debug-iphonesimulator/Echo.build/MobileCLIP-B-lt_image-CoreMLPartialInfo.plist --container bundle-resources --language Swift --swift-version 6.0
/Users/logansu/Library/Developer/Xcode/DerivedData/Echo-awzgiadvdwbqtdciilaczfrndbdg/Build/Intermediates.noindex/Echo.build/Debug-iphonesimulator/Echo.build/DerivedSources/CoreMLGenerated/MobileCLIP-B-lt_image/MobileCLIP-B-lt_image.swift

CompileAssetCatalogVariant thinned /Users/logansu/Library/Developer/Xcode/DerivedData/Echo-awzgiadvdwbqtdciilaczfrndbdg/Build/Products/Debug-iphonesimulator/Echo.app /Users/logansu/Documents/Dev/SwiftProjects/Echo/Echo/Assets.xcassets (in target 'Echo' from project 'Echo')
    cd /Users/logansu/Documents/Dev/SwiftProjects/Echo
    /Applications/Xcode.app/Contents/Developer/usr/bin/actool /Users/logansu/Documents/Dev/SwiftProjects/Echo/Echo/Assets.xcassets --compile /Users/logansu/Library/Developer/Xcode/DerivedData/Echo-awzgiadvdwbqtdciilaczfrndbdg/Build/Intermediates.noindex/Echo.build/Debug-iphonesimulator/Echo.build/assetcatalog_output/thinned --output-format human-readable-text --notices --warnings --export-dependency-info /Users/logansu/Library/Developer/Xcode/DerivedData/Echo-awzgiadvdwbqtdciilaczfrndbdg/Build/Intermediates.noindex/Echo.build/Debug-iphonesimulator/Echo.build/assetcatalog_dependencies_thinned --output-partial-info-plist /Users/logansu/Library/Developer/Xcode/DerivedData/Echo-awzgiadvdwbqtdciilaczfrndbdg/Build/Intermediates.noindex/Echo.build/Debug-iphonesimulator/Echo.build/assetcatalog_generated_info.plist_thinned --app-icon AppIcon --accent-color AccentColor --compress-pngs --enable-on-demand-resources YES --filter-for-thinning-device-configuration iPhone18,1 --filter-for-device-os-version 26.5 --development-region en --target-device iphone --target-device ipad --minimum-deployment-target 18.0 --platform iphonesimulator
/* com.apple.actool.compilation-results */
/Users/logansu/Library/Developer/Xcode/DerivedData/Echo-awzgiadvdwbqtdciilaczfrndbdg/Build/Intermediates.noindex/Echo.build/Debug-iphonesimulator/Echo.build/assetcatalog_generated_info.plist_thinned


LinkAssetCatalog /Users/logansu/Documents/Dev/SwiftProjects/Echo/Echo/Assets.xcassets (in target 'Echo' from project 'Echo')
    cd /Users/logansu/Documents/Dev/SwiftProjects/Echo
    builtin-linkAssetCatalog --thinned /Users/logansu/Library/Developer/Xcode/DerivedData/Echo-awzgiadvdwbqtdciilaczfrndbdg/Build/Intermediates.noindex/Echo.build/Debug-iphonesimulator/Echo.build/assetcatalog_output/thinned --thinned-dependencies /Users/logansu/Library/Developer/Xcode/DerivedData/Echo-awzgiadvdwbqtdciilaczfrndbdg/Build/Intermediates.noindex/Echo.build/Debug-iphonesimulator/Echo.build/assetcatalog_dependencies_thinned --thinned-info-plist-content /Users/logansu/Library/Developer/Xcode/DerivedData/Echo-awzgiadvdwbqtdciilaczfrndbdg/Build/Intermediates.noindex/Echo.build/Debug-iphonesimulator/Echo.build/assetcatalog_generated_info.plist_thinned --unthinned /Users/logansu/Library/Developer/Xcode/DerivedData/Echo-awzgiadvdwbqtdciilaczfrndbdg/Build/Intermediates.noindex/Echo.build/Debug-iphonesimulator/Echo.build/assetcatalog_output/unthinned --unthinned-dependencies /Users/logansu/Library/Developer/Xcode/DerivedData/Echo-awzgiadvdwbqtdciilaczfrndbdg/Build/Intermediates.noindex/Echo.build/Debug-iphonesimulator/Echo.build/assetcatalog_dependencies_unthinned --unthinned-info-plist-content /Users/logansu/Library/Developer/Xcode/DerivedData/Echo-awzgiadvdwbqtdciilaczfrndbdg/Build/Intermediates.noindex/Echo.build/Debug-iphonesimulator/Echo.build/assetcatalog_generated_info.plist_unthinned --output /Users/logansu/Library/Developer/Xcode/DerivedData/Echo-awzgiadvdwbqtdciilaczfrndbdg/Build/Products/Debug-iphonesimulator/Echo.app --plist-output /Users/logansu/Library/Developer/Xcode/DerivedData/Echo-awzgiadvdwbqtdciilaczfrndbdg/Build/Intermediates.noindex/Echo.build/Debug-iphonesimulator/Echo.build/assetcatalog_generated_info.plist

SwiftDriver Echo normal arm64 com.apple.xcode.tools.swift.compiler (in target 'Echo' from project 'Echo')
    cd /Users/logansu/Documents/Dev/SwiftProjects/Echo
    builtin-SwiftDriver -- /Applications/Xcode.app/Contents/Developer/Toolchains/XcodeDefault.xctoolchain/usr/bin/swiftc -module-name Echo -Onone @/Users/logansu/Library/Developer/Xcode/DerivedData/Echo-awzgiadvdwbqtdciilaczfrndbdg/Build/Intermediates.noindex/Echo.build/Debug-iphonesimulator/Echo.build/Objects-normal/arm64/Echo.SwiftFileList -DDEBUG -default-isolation\=MainActor -enable-upcoming-feature MemberImportVisibility -enable-experimental-feature DebugDescriptionMacro -sdk /Applications/Xcode.app/Contents/Developer/Platforms/iPhoneSimulator.platform/Developer/SDKs/iPhoneSimulator26.5.sdk -target arm64-apple-ios18.0-simulator -g -module-cache-path /Users/logansu/Library/Developer/Xcode/DerivedData/ModuleCache.noindex -Xfrontend -serialize-debugging-options -profile-coverage-mapping -profile-generate -enable-testing -index-store-path /Users/logansu/Library/Developer/Xcode/DerivedData/Echo-awzgiadvdwbqtdciilaczfrndbdg/Index.noindex/DataStore -Xcc -D_LIBCPP_HARDENING_MODE\=_LIBCPP_HARDENING_MODE_DEBUG -swift-version 6 -I /Users/logansu/Library/Developer/Xcode/DerivedData/Echo-awzgiadvdwbqtdciilaczfrndbdg/Build/Products/Debug-iphonesimulator -F /Users/logansu/Library/Developer/Xcode/DerivedData/Echo-awzgiadvdwbqtdciilaczfrndbdg/Build/Products/Debug-iphonesimulator/PackageFrameworks -F /Users/logansu/Library/Developer/Xcode/DerivedData/Echo-awzgiadvdwbqtdciilaczfrndbdg/Build/Products/Debug-iphonesimulator -emit-localized-strings -emit-localized-strings-path /Users/logansu/Library/Developer/Xcode/DerivedData/Echo-awzgiadvdwbqtdciilaczfrndbdg/Build/Intermediates.noindex/Echo.build/Debug-iphonesimulator/Echo.build/Objects-normal/arm64 -c -j8 -enable-batch-mode -incremental -Xcc -ivfsstatcache -Xcc /Users/logansu/Library/Developer/Xcode/DerivedData/SDKStatCaches.noindex/iphonesimulator26.5-23F73-6cfe768891a92b912361537c460fe42b.sdkstatcache -output-file-map /Users/logansu/Library/Developer/Xcode/DerivedData/Echo-awzgiadvdwbqtdciilaczfrndbdg/Build/Intermediates.noindex/Echo.build/Debug-iphonesimulator/Echo.build/Objects-normal/arm64/Echo-OutputFileMap.json -use-frontend-parseable-output -save-temps -no-color-diagnostics -explicit-module-build -module-cache-path /Users/logansu/Library/Developer/Xcode/DerivedData/Echo-awzgiadvdwbqtdciilaczfrndbdg/Build/Intermediates.noindex/SwiftExplicitPrecompiledModules -clang-scanner-module-cache-path /Users/logansu/Library/Developer/Xcode/DerivedData/ModuleCache.noindex -sdk-module-cache-path /Users/logansu/Library/Developer/Xcode/DerivedData/ModuleCache.noindex -serialize-diagnostics -emit-dependencies -emit-module -emit-module-path /Users/logansu/Library/Developer/Xcode/DerivedData/Echo-awzgiadvdwbqtdciilaczfrndbdg/Build/Intermediates.noindex/Echo.build/Debug-iphonesimulator/Echo.build/Objects-normal/arm64/Echo.swiftmodule -validate-clang-modules-once -clang-build-session-file /Users/logansu/Library/Developer/Xcode/DerivedData/ModuleCache.noindex/Session.modulevalidation -Xcc -I/Users/logansu/Library/Developer/Xcode/DerivedData/Echo-awzgiadvdwbqtdciilaczfrndbdg/Build/Intermediates.noindex/Echo.build/Debug-iphonesimulator/Echo.build/swift-overrides.hmap -emit-const-values -Xfrontend -const-gather-protocols-file -Xfrontend /Users/logansu/Library/Developer/Xcode/DerivedData/Echo-awzgiadvdwbqtdciilaczfrndbdg/Build/Intermediates.noindex/Echo.build/Debug-iphonesimulator/Echo.build/Objects-normal/arm64/Echo_const_extract_protocols.json -Xcc -iquote -Xcc /Users/logansu/Library/Developer/Xcode/DerivedData/Echo-awzgiadvdwbqtdciilaczfrndbdg/Build/Intermediates.noindex/Echo.build/Debug-iphonesimulator/Echo.build/Echo-generated-files.hmap -Xcc -I/Users/logansu/Library/Developer/Xcode/DerivedData/Echo-awzgiadvdwbqtdciilaczfrndbdg/Build/Intermediates.noindex/Echo.build/Debug-iphonesimulator/Echo.build/Echo-own-target-headers.hmap -Xcc -I/Users/logansu/Library/Developer/Xcode/DerivedData/Echo-awzgiadvdwbqtdciilaczfrndbdg/Build/Intermediates.noindex/Echo.build/Debug-iphonesimulator/Echo.build/Echo-all-non-framework-target-headers.hmap -Xcc -ivfsoverlay -Xcc /Users/logansu/Library/Developer/Xcode/DerivedData/Echo-awzgiadvdwbqtdciilaczfrndbdg/Build/Intermediates.noindex/Echo.build/Debug-iphonesimulator/Echo-ffb9939ae8ba03680559e8bc801c82d5-VFS-iphonesimulator/all-product-headers.yaml -Xcc -iquote -Xcc /Users/logansu/Library/Developer/Xcode/DerivedData/Echo-awzgiadvdwbqtdciilaczfrndbdg/Build/Intermediates.noindex/Echo.build/Debug-iphonesimulator/Echo.build/Echo-project-headers.hmap -Xcc -I/Users/logansu/Library/Developer/Xcode/DerivedData/Echo-awzgiadvdwbqtdciilaczfrndbdg/Build/Products/Debug-iphonesimulator/include -Xcc -I/Users/logansu/Library/Developer/Xcode/DerivedData/Echo-awzgiadvdwbqtdciilaczfrndbdg/Build/Intermediates.noindex/Echo.build/Debug-iphonesimulator/Echo.build/DerivedSources-normal/arm64 -Xcc -I/Users/logansu/Library/Developer/Xcode/DerivedData/Echo-awzgiadvdwbqtdciilaczfrndbdg/Build/Intermediates.noindex/Echo.build/Debug-iphonesimulator/Echo.build/DerivedSources/arm64 -Xcc -I/Users/logansu/Library/Developer/Xcode/DerivedData/Echo-awzgiadvdwbqtdciilaczfrndbdg/Build/Intermediates.noindex/Echo.build/Debug-iphonesimulator/Echo.build/DerivedSources -Xcc -DDEBUG\=1 -emit-objc-header -emit-objc-header-path /Users/logansu/Library/Developer/Xcode/DerivedData/Echo-awzgiadvdwbqtdciilaczfrndbdg/Build/Intermediates.noindex/Echo.build/Debug-iphonesimulator/Echo.build/Objects-normal/arm64/Echo-Swift.h -working-directory /Users/logansu/Documents/Dev/SwiftProjects/Echo -experimental-emit-module-separately -disable-cmo

SwiftDriverJobDiscovery normal arm64 Compiling BruteForceIndex.swift, HNSWIndex.swift, Heap.swift, HybridIndex.swift, QuantizedHNSWIndex.swift (in target 'ProximaKit' from project 'ProximaKit')

SwiftCompile normal arm64 Compiling\ AppDelegate.swift,\ DatabaseManager.swift,\ ExcludedAssetsActor.swift,\ FeedbackActor.swift,\ GenerationRegistryActor.swift,\ ModelLoaderActor.swift,\ ModelManifestActor.swift /Users/logansu/Documents/Dev/SwiftProjects/Echo/Echo/App/AppDelegate.swift /Users/logansu/Documents/Dev/SwiftProjects/Echo/Echo/Core/Actors/DatabaseManager.swift /Users/logansu/Documents/Dev/SwiftProjects/Echo/Echo/Core/Actors/ExcludedAssetsActor.swift /Users/logansu/Documents/Dev/SwiftProjects/Echo/Echo/Core/Actors/FeedbackActor.swift /Users/logansu/Documents/Dev/SwiftProjects/Echo/Echo/Core/Actors/GenerationRegistryActor.swift /Users/logansu/Documents/Dev/SwiftProjects/Echo/Echo/Core/Actors/ModelLoaderActor.swift /Users/logansu/Documents/Dev/SwiftProjects/Echo/Echo/Core/Actors/ModelManifestActor.swift (in target 'Echo' from project 'Echo')
SwiftCompile normal arm64 /Users/logansu/Documents/Dev/SwiftProjects/Echo/Echo/App/AppDelegate.swift (in target 'Echo' from project 'Echo')
    cd /Users/logansu/Documents/Dev/SwiftProjects/Echo
    

SwiftCompile normal arm64 /Users/logansu/Documents/Dev/SwiftProjects/Echo/Echo/Core/Actors/DatabaseManager.swift (in target 'Echo' from project 'Echo')
    cd /Users/logansu/Documents/Dev/SwiftProjects/Echo
    
/Users/logansu/Documents/Dev/SwiftProjects/Echo/Echo/Core/Actors/DatabaseManager.swift:264:22: warning: result of call to 'withUnsafeBytes' is unused
                data.withUnsafeBytes { bytes in
                     ^               ~~~~~~~~~~
/Users/logansu/Documents/Dev/SwiftProjects/Echo/Echo/Core/Actors/DatabaseManager.swift:294:22: warning: result of call to 'withUnsafeBytes' is unused
                data.withUnsafeBytes { bytes in
                     ^               ~~~~~~~~~~

SwiftCompile normal arm64 /Users/logansu/Documents/Dev/SwiftProjects/Echo/Echo/Core/Actors/ExcludedAssetsActor.swift (in target 'Echo' from project 'Echo')
    cd /Users/logansu/Documents/Dev/SwiftProjects/Echo
    

SwiftCompile normal arm64 /Users/logansu/Documents/Dev/SwiftProjects/Echo/Echo/Core/Actors/FeedbackActor.swift (in target 'Echo' from project 'Echo')
    cd /Users/logansu/Documents/Dev/SwiftProjects/Echo
    

SwiftCompile normal arm64 /Users/logansu/Documents/Dev/SwiftProjects/Echo/Echo/Core/Actors/GenerationRegistryActor.swift (in target 'Echo' from project 'Echo')
    cd /Users/logansu/Documents/Dev/SwiftProjects/Echo
    

SwiftCompile normal arm64 /Users/logansu/Documents/Dev/SwiftProjects/Echo/Echo/Core/Actors/ModelLoaderActor.swift (in target 'Echo' from project 'Echo')
    cd /Users/logansu/Documents/Dev/SwiftProjects/Echo
    

SwiftCompile normal arm64 /Users/logansu/Documents/Dev/SwiftProjects/Echo/Echo/Core/Actors/ModelManifestActor.swift (in target 'Echo' from project 'Echo')
    cd /Users/logansu/Documents/Dev/SwiftProjects/Echo
    

SwiftCompile normal arm64 Compiling\ SearchPipeline.swift,\ SyncPipeline.swift,\ ASREngineService.swift,\ E5Embedder.swift,\ EmbedderService.swift,\ LexicalEngine.swift /Users/logansu/Documents/Dev/SwiftProjects/Echo/Echo/Core/Pipelines/SearchPipeline.swift /Users/logansu/Documents/Dev/SwiftProjects/Echo/Echo/Core/Pipelines/SyncPipeline.swift /Users/logansu/Documents/Dev/SwiftProjects/Echo/Echo/Core/Services/ASREngineService.swift /Users/logansu/Documents/Dev/SwiftProjects/Echo/Echo/Core/Services/E5Embedder.swift /Users/logansu/Documents/Dev/SwiftProjects/Echo/Echo/Core/Services/EmbedderService.swift /Users/logansu/Documents/Dev/SwiftProjects/Echo/Echo/Core/Services/LexicalEngine.swift (in target 'Echo' from project 'Echo')

SwiftCompile normal arm64 /Users/logansu/Documents/Dev/SwiftProjects/Echo/Echo/Core/Pipelines/SearchPipeline.swift (in target 'Echo' from project 'Echo')
    cd /Users/logansu/Documents/Dev/SwiftProjects/Echo
    

SwiftCompile normal arm64 /Users/logansu/Documents/Dev/SwiftProjects/Echo/Echo/Core/Pipelines/SyncPipeline.swift (in target 'Echo' from project 'Echo')
    cd /Users/logansu/Documents/Dev/SwiftProjects/Echo
    

SwiftCompile normal arm64 /Users/logansu/Documents/Dev/SwiftProjects/Echo/Echo/Core/Services/ASREngineService.swift (in target 'Echo' from project 'Echo')
    cd /Users/logansu/Documents/Dev/SwiftProjects/Echo
    

SwiftCompile normal arm64 /Users/logansu/Documents/Dev/SwiftProjects/Echo/Echo/Core/Services/E5Embedder.swift (in target 'Echo' from project 'Echo')
    cd /Users/logansu/Documents/Dev/SwiftProjects/Echo
    

SwiftCompile normal arm64 /Users/logansu/Documents/Dev/SwiftProjects/Echo/Echo/Core/Services/EmbedderService.swift (in target 'Echo' from project 'Echo')
    cd /Users/logansu/Documents/Dev/SwiftProjects/Echo
    

SwiftCompile normal arm64 /Users/logansu/Documents/Dev/SwiftProjects/Echo/Echo/Core/Services/LexicalEngine.swift (in target 'Echo' from project 'Echo')
    cd /Users/logansu/Documents/Dev/SwiftProjects/Echo
    

SwiftCompile normal arm64 Compiling\ ContentView.swift,\ HomeView.swift,\ MemoryDetailFixtureLoader.swift,\ MemoryDetailView.swift,\ SearchFixtureLoader.swift,\ SearchView.swift /Users/logansu/Documents/Dev/SwiftProjects/Echo/Echo/UI/Views/ContentView.swift /Users/logansu/Documents/Dev/SwiftProjects/Echo/Echo/UI/Views/HomeView.swift /Users/logansu/Documents/Dev/SwiftProjects/Echo/Echo/UI/Views/MemoryDetailFixtureLoader.swift /Users/logansu/Documents/Dev/SwiftProjects/Echo/Echo/UI/Views/MemoryDetailView.swift /Users/logansu/Documents/Dev/SwiftProjects/Echo/Echo/UI/Views/SearchFixtureLoader.swift /Users/logansu/Documents/Dev/SwiftProjects/Echo/Echo/UI/Views/SearchView.swift (in target 'Echo' from project 'Echo')
SwiftCompile normal arm64 /Users/logansu/Documents/Dev/SwiftProjects/Echo/Echo/UI/Views/ContentView.swift (in target 'Echo' from project 'Echo')
    cd /Users/logansu/Documents/Dev/SwiftProjects/Echo
    

SwiftCompile normal arm64 /Users/logansu/Documents/Dev/SwiftProjects/Echo/Echo/UI/Views/HomeView.swift (in target 'Echo' from project 'Echo')
    cd /Users/logansu/Documents/Dev/SwiftProjects/Echo
    

SwiftCompile normal arm64 /Users/logansu/Documents/Dev/SwiftProjects/Echo/Echo/UI/Views/MemoryDetailFixtureLoader.swift (in target 'Echo' from project 'Echo')
    cd /Users/logansu/Documents/Dev/SwiftProjects/Echo
    

SwiftCompile normal arm64 /Users/logansu/Documents/Dev/SwiftProjects/Echo/Echo/UI/Views/MemoryDetailView.swift (in target 'Echo' from project 'Echo')
    cd /Users/logansu/Documents/Dev/SwiftProjects/Echo
    

SwiftCompile normal arm64 /Users/logansu/Documents/Dev/SwiftProjects/Echo/Echo/UI/Views/SearchFixtureLoader.swift (in target 'Echo' from project 'Echo')
    cd /Users/logansu/Documents/Dev/SwiftProjects/Echo
    

SwiftCompile normal arm64 /Users/logansu/Documents/Dev/SwiftProjects/Echo/Echo/UI/Views/SearchView.swift (in target 'Echo' from project 'Echo')
    cd /Users/logansu/Documents/Dev/SwiftProjects/Echo
    

SwiftCompile normal arm64 Compiling\ PendingOpsActor.swift,\ PrivacyActor.swift,\ ProgressActor.swift,\ VectorStoreActor.swift,\ ActiveRouteSet.swift,\ CanonicalMemory.swift,\ ErrorEnums.swift /Users/logansu/Documents/Dev/SwiftProjects/Echo/Echo/Core/Actors/PendingOpsActor.swift /Users/logansu/Documents/Dev/SwiftProjects/Echo/Echo/Core/Actors/PrivacyActor.swift /Users/logansu/Documents/Dev/SwiftProjects/Echo/Echo/Core/Actors/ProgressActor.swift /Users/logansu/Documents/Dev/SwiftProjects/Echo/Echo/Core/Actors/VectorStoreActor.swift /Users/logansu/Documents/Dev/SwiftProjects/Echo/Echo/Core/Models/ActiveRouteSet.swift /Users/logansu/Documents/Dev/SwiftProjects/Echo/Echo/Core/Models/CanonicalMemory.swift /Users/logansu/Documents/Dev/SwiftProjects/Echo/Echo/Core/Models/ErrorEnums.swift (in target 'Echo' from project 'Echo')

SwiftCompile normal arm64 /Users/logansu/Documents/Dev/SwiftProjects/Echo/Echo/Core/Actors/PendingOpsActor.swift (in target 'Echo' from project 'Echo')
    cd /Users/logansu/Documents/Dev/SwiftProjects/Echo
    

SwiftCompile normal arm64 /Users/logansu/Documents/Dev/SwiftProjects/Echo/Echo/Core/Actors/PrivacyActor.swift (in target 'Echo' from project 'Echo')
    cd /Users/logansu/Documents/Dev/SwiftProjects/Echo
    

SwiftCompile normal arm64 /Users/logansu/Documents/Dev/SwiftProjects/Echo/Echo/Core/Actors/ProgressActor.swift (in target 'Echo' from project 'Echo')
    cd /Users/logansu/Documents/Dev/SwiftProjects/Echo
    

SwiftCompile normal arm64 /Users/logansu/Documents/Dev/SwiftProjects/Echo/Echo/Core/Actors/VectorStoreActor.swift (in target 'Echo' from project 'Echo')
    cd /Users/logansu/Documents/Dev/SwiftProjects/Echo
    

SwiftCompile normal arm64 /Users/logansu/Documents/Dev/SwiftProjects/Echo/Echo/Core/Models/ActiveRouteSet.swift (in target 'Echo' from project 'Echo')
    cd /Users/logansu/Documents/Dev/SwiftProjects/Echo
    

SwiftCompile normal arm64 /Users/logansu/Documents/Dev/SwiftProjects/Echo/Echo/Core/Models/CanonicalMemory.swift (in target 'Echo' from project 'Echo')
    cd /Users/logansu/Documents/Dev/SwiftProjects/Echo
    

SwiftCompile normal arm64 /Users/logansu/Documents/Dev/SwiftProjects/Echo/Echo/Core/Models/ErrorEnums.swift (in target 'Echo' from project 'Echo')
    cd /Users/logansu/Documents/Dev/SwiftProjects/Echo
    

SwiftEmitModule normal arm64 Emitting\ module\ for\ Echo (in target 'Echo' from project 'Echo')

EmitSwiftModule normal arm64 (in target 'Echo' from project 'Echo')
    cd /Users/logansu/Documents/Dev/SwiftProjects/Echo
    

SwiftCompile normal arm64 Compiling\ OCREngine.swift,\ SigLIP2Embedder.swift,\ WhisperASREngine.swift,\ AppViewModel.swift,\ BackgroundTaskViewModel.swift,\ HomeViewModel.swift /Users/logansu/Documents/Dev/SwiftProjects/Echo/Echo/Core/Services/OCREngine.swift /Users/logansu/Documents/Dev/SwiftProjects/Echo/Echo/Core/Services/SigLIP2Embedder.swift /Users/logansu/Documents/Dev/SwiftProjects/Echo/Echo/Core/Services/WhisperASREngine.swift /Users/logansu/Documents/Dev/SwiftProjects/Echo/Echo/UI/ViewModels/AppViewModel.swift /Users/logansu/Documents/Dev/SwiftProjects/Echo/Echo/UI/ViewModels/BackgroundTaskViewModel.swift /Users/logansu/Documents/Dev/SwiftProjects/Echo/Echo/UI/ViewModels/HomeViewModel.swift (in target 'Echo' from project 'Echo')

SwiftCompile normal arm64 /Users/logansu/Documents/Dev/SwiftProjects/Echo/Echo/Core/Services/OCREngine.swift (in target 'Echo' from project 'Echo')
    cd /Users/logansu/Documents/Dev/SwiftProjects/Echo
    

SwiftCompile normal arm64 /Users/logansu/Documents/Dev/SwiftProjects/Echo/Echo/Core/Services/SigLIP2Embedder.swift (in target 'Echo' from project 'Echo')
    cd /Users/logansu/Documents/Dev/SwiftProjects/Echo
    

SwiftCompile normal arm64 /Users/logansu/Documents/Dev/SwiftProjects/Echo/Echo/Core/Services/WhisperASREngine.swift (in target 'Echo' from project 'Echo')
    cd /Users/logansu/Documents/Dev/SwiftProjects/Echo
    

SwiftCompile normal arm64 /Users/logansu/Documents/Dev/SwiftProjects/Echo/Echo/UI/ViewModels/AppViewModel.swift (in target 'Echo' from project 'Echo')
    cd /Users/logansu/Documents/Dev/SwiftProjects/Echo
    

SwiftCompile normal arm64 /Users/logansu/Documents/Dev/SwiftProjects/Echo/Echo/UI/ViewModels/BackgroundTaskViewModel.swift (in target 'Echo' from project 'Echo')
    cd /Users/logansu/Documents/Dev/SwiftProjects/Echo
    

SwiftCompile normal arm64 /Users/logansu/Documents/Dev/SwiftProjects/Echo/Echo/UI/ViewModels/HomeViewModel.swift (in target 'Echo' from project 'Echo')
    cd /Users/logansu/Documents/Dev/SwiftProjects/Echo
    

SwiftCompile normal arm64 Compiling\ MemoryDetailViewModel.swift,\ SearchViewModel.swift,\ SettingsViewModel.swift,\ AppRootView.swift,\ BackgroundTaskFixtureLoader.swift,\ BackgroundTaskPanelView.swift /Users/logansu/Documents/Dev/SwiftProjects/Echo/Echo/UI/ViewModels/MemoryDetailViewModel.swift /Users/logansu/Documents/Dev/SwiftProjects/Echo/Echo/UI/ViewModels/SearchViewModel.swift /Users/logansu/Documents/Dev/SwiftProjects/Echo/Echo/UI/ViewModels/SettingsViewModel.swift /Users/logansu/Documents/Dev/SwiftProjects/Echo/Echo/UI/Views/AppRootView.swift /Users/logansu/Documents/Dev/SwiftProjects/Echo/Echo/UI/Views/BackgroundTaskFixtureLoader.swift /Users/logansu/Documents/Dev/SwiftProjects/Echo/Echo/UI/Views/BackgroundTaskPanelView.swift (in target 'Echo' from project 'Echo')

SwiftCompile normal arm64 /Users/logansu/Documents/Dev/SwiftProjects/Echo/Echo/UI/ViewModels/MemoryDetailViewModel.swift (in target 'Echo' from project 'Echo')
    cd /Users/logansu/Documents/Dev/SwiftProjects/Echo
    

SwiftCompile normal arm64 /Users/logansu/Documents/Dev/SwiftProjects/Echo/Echo/UI/ViewModels/SearchViewModel.swift (in target 'Echo' from project 'Echo')
    cd /Users/logansu/Documents/Dev/SwiftProjects/Echo
    

SwiftCompile normal arm64 /Users/logansu/Documents/Dev/SwiftProjects/Echo/Echo/UI/ViewModels/SettingsViewModel.swift (in target 'Echo' from project 'Echo')
    cd /Users/logansu/Documents/Dev/SwiftProjects/Echo
    

SwiftCompile normal arm64 /Users/logansu/Documents/Dev/SwiftProjects/Echo/Echo/UI/Views/AppRootView.swift (in target 'Echo' from project 'Echo')
    cd /Users/logansu/Documents/Dev/SwiftProjects/Echo
    

SwiftCompile normal arm64 /Users/logansu/Documents/Dev/SwiftProjects/Echo/Echo/UI/Views/BackgroundTaskFixtureLoader.swift (in target 'Echo' from project 'Echo')
    cd /Users/logansu/Documents/Dev/SwiftProjects/Echo
    

SwiftCompile normal arm64 /Users/logansu/Documents/Dev/SwiftProjects/Echo/Echo/UI/Views/BackgroundTaskPanelView.swift (in target 'Echo' from project 'Echo')
    cd /Users/logansu/Documents/Dev/SwiftProjects/Echo
    

SwiftDriverJobDiscovery normal arm64 Compiling SparseVectorIndex.swift, VectorIndex.swift, MappedVectorRegion.swift, PersistenceEngine.swift (in target 'ProximaKit' from project 'ProximaKit')

SwiftCompile normal arm64 Compiling\ IndexGeneration.swift,\ Memory.swift,\ ModelManifest.swift,\ AwakeningPipeline.swift,\ FeedbackPipeline.swift,\ IngestPipeline.swift /Users/logansu/Documents/Dev/SwiftProjects/Echo/Echo/Core/Models/IndexGeneration.swift /Users/logansu/Documents/Dev/SwiftProjects/Echo/Echo/Core/Models/Memory.swift /Users/logansu/Documents/Dev/SwiftProjects/Echo/Echo/Core/Models/ModelManifest.swift /Users/logansu/Documents/Dev/SwiftProjects/Echo/Echo/Core/Pipelines/AwakeningPipeline.swift /Users/logansu/Documents/Dev/SwiftProjects/Echo/Echo/Core/Pipelines/FeedbackPipeline.swift /Users/logansu/Documents/Dev/SwiftProjects/Echo/Echo/Core/Pipelines/IngestPipeline.swift (in target 'Echo' from project 'Echo')

SwiftCompile normal arm64 /Users/logansu/Documents/Dev/SwiftProjects/Echo/Echo/Core/Models/IndexGeneration.swift (in target 'Echo' from project 'Echo')
    cd /Users/logansu/Documents/Dev/SwiftProjects/Echo
    

SwiftCompile normal arm64 /Users/logansu/Documents/Dev/SwiftProjects/Echo/Echo/Core/Models/Memory.swift (in target 'Echo' from project 'Echo')
    cd /Users/logansu/Documents/Dev/SwiftProjects/Echo
    

SwiftCompile normal arm64 /Users/logansu/Documents/Dev/SwiftProjects/Echo/Echo/Core/Models/ModelManifest.swift (in target 'Echo' from project 'Echo')
    cd /Users/logansu/Documents/Dev/SwiftProjects/Echo
    

SwiftCompile normal arm64 /Users/logansu/Documents/Dev/SwiftProjects/Echo/Echo/Core/Pipelines/AwakeningPipeline.swift (in target 'Echo' from project 'Echo')
    cd /Users/logansu/Documents/Dev/SwiftProjects/Echo
    

SwiftCompile normal arm64 /Users/logansu/Documents/Dev/SwiftProjects/Echo/Echo/Core/Pipelines/FeedbackPipeline.swift (in target 'Echo' from project 'Echo')
    cd /Users/logansu/Documents/Dev/SwiftProjects/Echo
    

SwiftCompile normal arm64 /Users/logansu/Documents/Dev/SwiftProjects/Echo/Echo/Core/Pipelines/IngestPipeline.swift (in target 'Echo' from project 'Echo')
    cd /Users/logansu/Documents/Dev/SwiftProjects/Echo
    

SwiftDriverJobDiscovery normal arm64 Compiling QuantizedHNSWIndexPersistence.swift, ScalarQuantizedHNSWIndex.swift, ScalarQuantizedHNSWIndexPersistence.swift, SparseIndex.swift (in target 'ProximaKit' from project 'ProximaKit')

SwiftDriverJobDiscovery normal arm64 Compiling OCREngine.swift, SigLIP2Embedder.swift, WhisperASREngine.swift, AppViewModel.swift, BackgroundTaskViewModel.swift, HomeViewModel.swift (in target 'Echo' from project 'Echo')

SwiftDriver\ Compilation ProximaKit normal arm64 com.apple.xcode.tools.swift.compiler (in target 'ProximaKit' from project 'ProximaKit')
    cd /Users/logansu/Documents/Dev/SwiftProjects/Echo/Echo.xcodeproj
    builtin-Swift-Compilation -- /Applications/Xcode.app/Contents/Developer/Toolchains/XcodeDefault.xctoolchain/usr/bin/swiftc -module-name ProximaKit -Onone @/Users/logansu/Library/Developer/Xcode/DerivedData/Echo-awzgiadvdwbqtdciilaczfrndbdg/Build/Intermediates.noindex/ProximaKit.build/Debug-iphonesimulator/ProximaKit.build/Objects-normal/arm64/ProximaKit.SwiftFileList -DSWIFT_PACKAGE -DDEBUG -DSWIFT_MODULE_RESOURCE_BUNDLE_UNAVAILABLE -DXcode -enable-experimental-feature StrictConcurrency -plugin-path /Applications/Xcode.app/Contents/Developer/Toolchains/XcodeDefault.xctoolchain/usr/lib/swift/host/plugins/testing -enable-experimental-feature DebugDescriptionMacro -sdk /Applications/Xcode.app/Contents/Developer/Platforms/iPhoneSimulator.platform/Developer/SDKs/iPhoneSimulator26.5.sdk -target arm64-apple-ios17.0-simulator -g -module-cache-path /Users/logansu/Library/Developer/Xcode/DerivedData/ModuleCache.noindex -Xfrontend -serialize-debugging-options -profile-coverage-mapping -profile-generate -enable-testing -suppress-warnings -index-store-path /Users/logansu/Library/Developer/Xcode/DerivedData/Echo-awzgiadvdwbqtdciilaczfrndbdg/Index.noindex/DataStore -Xcc -D_LIBCPP_HARDENING_MODE\=_LIBCPP_HARDENING_MODE_DEBUG -swift-version 5 -I /Users/logansu/Library/Developer/Xcode/DerivedData/Echo-awzgiadvdwbqtdciilaczfrndbdg/Build/Products/Debug-iphonesimulator -Isystem /Applications/Xcode.app/Contents/Developer/Platforms/iPhoneSimulator.platform/Developer/usr/lib -F /Users/logansu/Library/Developer/Xcode/DerivedData/Echo-awzgiadvdwbqtdciilaczfrndbdg/Build/Products/Debug-iphonesimulator -F /Applications/Xcode.app/Contents/Developer/Platforms/iPhoneSimulator.platform/Developer/Library/Frameworks -F /Applications/Xcode.app/Contents/Developer/Platforms/iPhoneSimulator.platform/Developer/SDKs/iPhoneSimulator26.5.sdk/Developer/Library/Frameworks -c -j8 -enable-batch-mode -incremental -Xcc -ivfsstatcache -Xcc /Users/logansu/Library/Developer/Xcode/DerivedData/SDKStatCaches.noindex/iphonesimulator26.5-23F73-6cfe768891a92b912361537c460fe42b.sdkstatcache -output-file-map /Users/logansu/Library/Developer/Xcode/DerivedData/Echo-awzgiadvdwbqtdciilaczfrndbdg/Build/Intermediates.noindex/ProximaKit.build/Debug-iphonesimulator/ProximaKit.build/Objects-normal/arm64/ProximaKit-OutputFileMap.json -use-frontend-parseable-output -save-temps -no-color-diagnostics -explicit-module-build -module-cache-path /Users/logansu/Library/Developer/Xcode/DerivedData/Echo-awzgiadvdwbqtdciilaczfrndbdg/Build/Intermediates.noindex/SwiftExplicitPrecompiledModules -clang-scanner-module-cache-path /Users/logansu/Library/Developer/Xcode/DerivedData/ModuleCache.noindex -sdk-module-cache-path /Users/logansu/Library/Developer/Xcode/DerivedData/ModuleCache.noindex -serialize-diagnostics -emit-dependencies -emit-module -emit-module-path /Users/logansu/Library/Developer/Xcode/DerivedData/Echo-awzgiadvdwbqtdciilaczfrndbdg/Build/Intermediates.noindex/ProximaKit.build/Debug-iphonesimulator/ProximaKit.build/Objects-normal/arm64/ProximaKit.swiftmodule -validate-clang-modules-once -clang-build-session-file /Users/logansu/Library/Developer/Xcode/DerivedData/ModuleCache.noindex/Session.modulevalidation -package-name proximakit -Xcc -I/Users/logansu/Library/Developer/Xcode/DerivedData/Echo-awzgiadvdwbqtdciilaczfrndbdg/Build/Intermediates.noindex/ProximaKit.build/Debug-iphonesimulator/ProximaKit.build/swift-overrides.hmap -emit-const-values -Xfrontend -const-gather-protocols-file -Xfrontend /Users/logansu/Library/Developer/Xcode/DerivedData/Echo-awzgiadvdwbqtdciilaczfrndbdg/Build/Intermediates.noindex/ProximaKit.build/Debug-iphonesimulator/ProximaKit.build/Objects-normal/arm64/ProximaKit_const_extract_protocols.json -Xcc -I/Users/logansu/Library/Developer/Xcode/DerivedData/Echo-awzgiadvdwbqtdciilaczfrndbdg/Build/Products/Debug-iphonesimulator/include -Xcc -I/Users/logansu/Library/Developer/Xcode/DerivedData/Echo-awzgiadvdwbqtdciilaczfrndbdg/Build/Intermediates.noindex/ProximaKit.build/Debug-iphonesimulator/ProximaKit.build/DerivedSources-normal/arm64 -Xcc -I/Users/logansu/Library/Developer/Xcode/DerivedData/Echo-awzgiadvdwbqtdciilaczfrndbdg/Build/Intermediates.noindex/ProximaKit.build/Debug-iphonesimulator/ProximaKit.build/DerivedSources/arm64 -Xcc -I/Users/logansu/Library/Developer/Xcode/DerivedData/Echo-awzgiadvdwbqtdciilaczfrndbdg/Build/Intermediates.noindex/ProximaKit.build/Debug-iphonesimulator/ProximaKit.build/DerivedSources -Xcc -DSWIFT_PACKAGE -Xcc -DDEBUG\=1 -emit-objc-header -emit-objc-header-path /Users/logansu/Library/Developer/Xcode/DerivedData/Echo-awzgiadvdwbqtdciilaczfrndbdg/Build/Intermediates.noindex/ProximaKit.build/Debug-iphonesimulator/ProximaKit.build/Objects-normal/arm64/ProximaKit-Swift.h -working-directory /Users/logansu/Documents/Dev/SwiftProjects/Echo/Echo.xcodeproj -experimental-emit-module-separately -disable-cmo

SwiftCompile normal arm64 Compiling\ SettingsView.swift,\ EchoApp.swift,\ MobileCLIP-B-lt_image.swift,\ MobileCLIP-B-lt_text.swift,\ MultilingualE5Small.swift,\ GeneratedAssetSymbols.swift /Users/logansu/Documents/Dev/SwiftProjects/Echo/Echo/UI/Views/SettingsView.swift /Users/logansu/Documents/Dev/SwiftProjects/Echo/Echo/EchoApp.swift /Users/logansu/Library/Developer/Xcode/DerivedData/Echo-awzgiadvdwbqtdciilaczfrndbdg/Build/Intermediates.noindex/Echo.build/Debug-iphonesimulator/Echo.build/DerivedSources/CoreMLGenerated/MobileCLIP-B-lt_image/MobileCLIP-B-lt_image.swift /Users/logansu/Library/Developer/Xcode/DerivedData/Echo-awzgiadvdwbqtdciilaczfrndbdg/Build/Intermediates.noindex/Echo.build/Debug-iphonesimulator/Echo.build/DerivedSources/CoreMLGenerated/MobileCLIP-B-lt_text/MobileCLIP-B-lt_text.swift /Users/logansu/Library/Developer/Xcode/DerivedData/Echo-awzgiadvdwbqtdciilaczfrndbdg/Build/Intermediates.noindex/Echo.build/Debug-iphonesimulator/Echo.build/DerivedSources/CoreMLGenerated/MultilingualE5Small/MultilingualE5Small.swift /Users/logansu/Library/Developer/Xcode/DerivedData/Echo-awzgiadvdwbqtdciilaczfrndbdg/Build/Intermediates.noindex/Echo.build/Debug-iphonesimulator/Echo.build/DerivedSources/GeneratedAssetSymbols.swift (in target 'Echo' from project 'Echo')

SwiftCompile normal arm64 /Users/logansu/Documents/Dev/SwiftProjects/Echo/Echo/UI/Views/SettingsView.swift (in target 'Echo' from project 'Echo')
    cd /Users/logansu/Documents/Dev/SwiftProjects/Echo
    

SwiftCompile normal arm64 /Users/logansu/Documents/Dev/SwiftProjects/Echo/Echo/EchoApp.swift (in target 'Echo' from project 'Echo')
    cd /Users/logansu/Documents/Dev/SwiftProjects/Echo
    

SwiftCompile normal arm64 /Users/logansu/Library/Developer/Xcode/DerivedData/Echo-awzgiadvdwbqtdciilaczfrndbdg/Build/Intermediates.noindex/Echo.build/Debug-iphonesimulator/Echo.build/DerivedSources/CoreMLGenerated/MobileCLIP-B-lt_image/MobileCLIP-B-lt_image.swift (in target 'Echo' from project 'Echo')
    cd /Users/logansu/Documents/Dev/SwiftProjects/Echo
    

SwiftCompile normal arm64 /Users/logansu/Library/Developer/Xcode/DerivedData/Echo-awzgiadvdwbqtdciilaczfrndbdg/Build/Intermediates.noindex/Echo.build/Debug-iphonesimulator/Echo.build/DerivedSources/CoreMLGenerated/MobileCLIP-B-lt_text/MobileCLIP-B-lt_text.swift (in target 'Echo' from project 'Echo')
    cd /Users/logansu/Documents/Dev/SwiftProjects/Echo
    

SwiftCompile normal arm64 /Users/logansu/Library/Developer/Xcode/DerivedData/Echo-awzgiadvdwbqtdciilaczfrndbdg/Build/Intermediates.noindex/Echo.build/Debug-iphonesimulator/Echo.build/DerivedSources/CoreMLGenerated/MultilingualE5Small/MultilingualE5Small.swift (in target 'Echo' from project 'Echo')
    cd /Users/logansu/Documents/Dev/SwiftProjects/Echo
    

SwiftCompile normal arm64 /Users/logansu/Library/Developer/Xcode/DerivedData/Echo-awzgiadvdwbqtdciilaczfrndbdg/Build/Intermediates.noindex/Echo.build/Debug-iphonesimulator/Echo.build/DerivedSources/GeneratedAssetSymbols.swift (in target 'Echo' from project 'Echo')
    cd /Users/logansu/Documents/Dev/SwiftProjects/Echo
    

Ld /Users/logansu/Library/Developer/Xcode/DerivedData/Echo-awzgiadvdwbqtdciilaczfrndbdg/Build/Products/Debug-iphonesimulator/ProximaKit.o normal (in target 'ProximaKit' from project 'ProximaKit')
    cd /Users/logansu/Library/Developer/Xcode/DerivedData/Echo-awzgiadvdwbqtdciilaczfrndbdg/SourcePackages/checkouts/ProximaKit
    /Applications/Xcode.app/Contents/Developer/Toolchains/XcodeDefault.xctoolchain/usr/bin/clang -Xlinker -reproducible -target arm64-apple-ios17.0-simulator -r -isysroot /Applications/Xcode.app/Contents/Developer/Platforms/iPhoneSimulator.platform/Developer/SDKs/iPhoneSimulator26.5.sdk -O0 -w -F/Users/logansu/Library/Developer/Xcode/DerivedData/Echo-awzgiadvdwbqtdciilaczfrndbdg/Build/Intermediates.noindex/EagerLinkingTBDs/Debug-iphonesimulator -F/Users/logansu/Library/Developer/Xcode/DerivedData/Echo-awzgiadvdwbqtdciilaczfrndbdg/Build/Products/Debug-iphonesimulator -iframework /Applications/Xcode.app/Contents/Developer/Platforms/iPhoneSimulator.platform/Developer/Library/Frameworks -iframework /Applications/Xcode.app/Contents/Developer/Platforms/iPhoneSimulator.platform/Developer/SDKs/iPhoneSimulator26.5.sdk/Developer/Library/Frameworks -filelist /Users/logansu/Library/Developer/Xcode/DerivedData/Echo-awzgiadvdwbqtdciilaczfrndbdg/Build/Intermediates.noindex/ProximaKit.build/Debug-iphonesimulator/ProximaKit.build/Objects-normal/arm64/ProximaKit.LinkFileList -nostdlib -Xlinker -object_path_lto -Xlinker /Users/logansu/Library/Developer/Xcode/DerivedData/Echo-awzgiadvdwbqtdciilaczfrndbdg/Build/Intermediates.noindex/ProximaKit.build/Debug-iphonesimulator/ProximaKit.build/Objects-normal/arm64/ProximaKit_lto.o -Xlinker -no_deduplicate -Xlinker -objc_abi_version -Xlinker 2 -Xlinker -debug_variant -Xlinker -dependency_info -Xlinker /Users/logansu/Library/Developer/Xcode/DerivedData/Echo-awzgiadvdwbqtdciilaczfrndbdg/Build/Intermediates.noindex/ProximaKit.build/Debug-iphonesimulator/ProximaKit.build/Objects-normal/arm64/ProximaKit_dependency_info.dat -fobjc-link-runtime -L/Applications/Xcode.app/Contents/Developer/Toolchains/XcodeDefault.xctoolchain/usr/lib/swift/iphonesimulator -L/usr/lib/swift -Xlinker -add_ast_path -Xlinker /Users/logansu/Library/Developer/Xcode/DerivedData/Echo-awzgiadvdwbqtdciilaczfrndbdg/Build/Intermediates.noindex/ProximaKit.build/Debug-iphonesimulator/ProximaKit.build/Objects-normal/arm64/ProximaKit.swiftmodule @/Users/logansu/Library/Developer/Xcode/DerivedData/Echo-awzgiadvdwbqtdciilaczfrndbdg/Build/Intermediates.noindex/ProximaKit.build/Debug-iphonesimulator/ProximaKit.build/Objects-normal/arm64/ProximaKit-linker-args.resp -o /Users/logansu/Library/Developer/Xcode/DerivedData/Echo-awzgiadvdwbqtdciilaczfrndbdg/Build/Products/Debug-iphonesimulator/ProximaKit.o

SwiftDriverJobDiscovery normal arm64 Compiling SearchPipeline.swift, SyncPipeline.swift, ASREngineService.swift, E5Embedder.swift, EmbedderService.swift, LexicalEngine.swift (in target 'Echo' from project 'Echo')

ExtractAppIntentsMetadata (in target 'ProximaKit' from project 'ProximaKit')
    cd /Users/logansu/Library/Developer/Xcode/DerivedData/Echo-awzgiadvdwbqtdciilaczfrndbdg/SourcePackages/checkouts/ProximaKit
    /Applications/Xcode.app/Contents/Developer/Toolchains/XcodeDefault.xctoolchain/usr/bin/appintentsmetadataprocessor --toolchain-dir /Applications/Xcode.app/Contents/Developer/Toolchains/XcodeDefault.xctoolchain --module-name ProximaKit --sdk-root /Applications/Xcode.app/Contents/Developer/Platforms/iPhoneSimulator.platform/Developer/SDKs/iPhoneSimulator26.5.sdk --xcode-version 17F42 --platform-family iOS --deployment-target 17.0 --bundle-identifier proximakit.ProximaKit --output /Users/logansu/Library/Developer/Xcode/DerivedData/Echo-awzgiadvdwbqtdciilaczfrndbdg/Build/Products/Debug-iphonesimulator/ProximaKit.appintents --target-triple arm64-apple-ios17.0-simulator --binary-file /Users/logansu/Library/Developer/Xcode/DerivedData/Echo-awzgiadvdwbqtdciilaczfrndbdg/Build/Products/Debug-iphonesimulator/ProximaKit.o --dependency-file /Users/logansu/Library/Developer/Xcode/DerivedData/Echo-awzgiadvdwbqtdciilaczfrndbdg/Build/Intermediates.noindex/ProximaKit.build/Debug-iphonesimulator/ProximaKit.build/Objects-normal/arm64/ProximaKit_dependency_info.dat --stringsdata-file /Users/logansu/Library/Developer/Xcode/DerivedData/Echo-awzgiadvdwbqtdciilaczfrndbdg/Build/Intermediates.noindex/ProximaKit.build/Debug-iphonesimulator/ProximaKit.build/Objects-normal/arm64/ExtractedAppShortcutsMetadata.stringsdata --source-file-list /Users/logansu/Library/Developer/Xcode/DerivedData/Echo-awzgiadvdwbqtdciilaczfrndbdg/Build/Intermediates.noindex/ProximaKit.build/Debug-iphonesimulator/ProximaKit.build/Objects-normal/arm64/ProximaKit.SwiftFileList --metadata-file-list /Users/logansu/Library/Developer/Xcode/DerivedData/Echo-awzgiadvdwbqtdciilaczfrndbdg/Build/Intermediates.noindex/ProximaKit.build/Debug-iphonesimulator/ProximaKit.build/ProximaKit.DependencyMetadataFileList --static-metadata-file-list /Users/logansu/Library/Developer/Xcode/DerivedData/Echo-awzgiadvdwbqtdciilaczfrndbdg/Build/Intermediates.noindex/ProximaKit.build/Debug-iphonesimulator/ProximaKit.build/ProximaKit.DependencyStaticMetadataFileList --swift-const-vals-list /Users/logansu/Library/Developer/Xcode/DerivedData/Echo-awzgiadvdwbqtdciilaczfrndbdg/Build/Intermediates.noindex/ProximaKit.build/Debug-iphonesimulator/ProximaKit.build/Objects-normal/arm64/ProximaKit.SwiftConstValuesFileList --force --compile-time-extraction --deployment-aware-processing --validate-assistant-intents --no-app-shortcuts-localization
2026-08-02 11:26:27.761 appintentsmetadataprocessor[7764:68325664] Starting appintentsmetadataprocessor export
2026-08-02 11:26:27.816 appintentsmetadataprocessor[7764:68325664] Extracted no relevant App Intents symbols, skipping writing output

RegisterExecutionPolicyException /Users/logansu/Library/Developer/Xcode/DerivedData/Echo-awzgiadvdwbqtdciilaczfrndbdg/Build/Products/Debug-iphonesimulator/ProximaKit.o (in target 'ProximaKit' from project 'ProximaKit')
    cd /Users/logansu/Library/Developer/Xcode/DerivedData/Echo-awzgiadvdwbqtdciilaczfrndbdg/SourcePackages/checkouts/ProximaKit
    builtin-RegisterExecutionPolicyException /Users/logansu/Library/Developer/Xcode/DerivedData/Echo-awzgiadvdwbqtdciilaczfrndbdg/Build/Products/Debug-iphonesimulator/ProximaKit.o

ProcessInfoPlistFile /Users/logansu/Library/Developer/Xcode/DerivedData/Echo-awzgiadvdwbqtdciilaczfrndbdg/Build/Products/Debug-iphonesimulator/Echo.app/Info.plist /Users/logansu/Library/Developer/Xcode/DerivedData/Echo-awzgiadvdwbqtdciilaczfrndbdg/Build/Intermediates.noindex/Echo.build/Debug-iphonesimulator/Echo.build/empty-Echo.plist (in target 'Echo' from project 'Echo')
    cd /Users/logansu/Documents/Dev/SwiftProjects/Echo
    builtin-infoPlistUtility /Users/logansu/Library/Developer/Xcode/DerivedData/Echo-awzgiadvdwbqtdciilaczfrndbdg/Build/Intermediates.noindex/Echo.build/Debug-iphonesimulator/Echo.build/empty-Echo.plist -producttype com.apple.product-type.application -genpkginfo /Users/logansu/Library/Developer/Xcode/DerivedData/Echo-awzgiadvdwbqtdciilaczfrndbdg/Build/Products/Debug-iphonesimulator/Echo.app/PkgInfo -expandbuildsettings -format binary -platform iphonesimulator -additionalcontentfile /Users/logansu/Library/Developer/Xcode/DerivedData/Echo-awzgiadvdwbqtdciilaczfrndbdg/Build/Intermediates.noindex/Echo.build/Debug-iphonesimulator/Echo.build/MobileCLIP-B-lt_image-CoreMLPartialInfo.plist -additionalcontentfile /Users/logansu/Library/Developer/Xcode/DerivedData/Echo-awzgiadvdwbqtdciilaczfrndbdg/Build/Intermediates.noindex/Echo.build/Debug-iphonesimulator/Echo.build/MobileCLIP-B-lt_text-CoreMLPartialInfo.plist -additionalcontentfile /Users/logansu/Library/Developer/Xcode/DerivedData/Echo-awzgiadvdwbqtdciilaczfrndbdg/Build/Intermediates.noindex/Echo.build/Debug-iphonesimulator/Echo.build/MultilingualE5Small-CoreMLPartialInfo.plist -additionalcontentfile /Users/logansu/Library/Developer/Xcode/DerivedData/Echo-awzgiadvdwbqtdciilaczfrndbdg/Build/Intermediates.noindex/Echo.build/Debug-iphonesimulator/Echo.build/assetcatalog_generated_info.plist -o /Users/logansu/Library/Developer/Xcode/DerivedData/Echo-awzgiadvdwbqtdciilaczfrndbdg/Build/Products/Debug-iphonesimulator/Echo.app/Info.plist

Ld /Users/logansu/Library/Developer/Xcode/DerivedData/Echo-awzgiadvdwbqtdciilaczfrndbdg/Build/Products/Debug-iphonesimulator/Echo.app/__preview.dylib normal (in target 'Echo' from project 'Echo')
    cd /Users/logansu/Documents/Dev/SwiftProjects/Echo
    /Applications/Xcode.app/Contents/Developer/Toolchains/XcodeDefault.xctoolchain/usr/bin/clang -Xlinker -reproducible -target arm64-apple-ios18.0-simulator -dynamiclib -isysroot /Applications/Xcode.app/Contents/Developer/Platforms/iPhoneSimulator.platform/Developer/SDKs/iPhoneSimulator26.5.sdk -O0 -L/Users/logansu/Library/Developer/Xcode/DerivedData/Echo-awzgiadvdwbqtdciilaczfrndbdg/Build/Products/Debug-iphonesimulator -F/Users/logansu/Library/Developer/Xcode/DerivedData/Echo-awzgiadvdwbqtdciilaczfrndbdg/Build/Products/Debug-iphonesimulator/PackageFrameworks -F/Users/logansu/Library/Developer/Xcode/DerivedData/Echo-awzgiadvdwbqtdciilaczfrndbdg/Build/Products/Debug-iphonesimulator -install_name @rpath/Echo.debug.dylib -Xlinker -dead_strip -rdynamic -Xlinker -no_deduplicate -Xlinker -objc_abi_version -Xlinker 2 -Xlinker -debug_variant -Xlinker -dependency_info -Xlinker /Users/logansu/Library/Developer/Xcode/DerivedData/Echo-awzgiadvdwbqtdciilaczfrndbdg/Build/Intermediates.noindex/Echo.build/Debug-iphonesimulator/Echo.build/Objects-normal/arm64/Echo_dependency_info.dat -Xlinker -sectcreate -Xlinker __TEXT -Xlinker __entitlements -Xlinker /Users/logansu/Library/Developer/Xcode/DerivedData/Echo-awzgiadvdwbqtdciilaczfrndbdg/Build/Intermediates.noindex/Echo.build/Debug-iphonesimulator/Echo.build/Echo.app-Simulated.xcent -Xlinker -sectcreate -Xlinker __TEXT -Xlinker __ents_der -Xlinker /Users/logansu/Library/Developer/Xcode/DerivedData/Echo-awzgiadvdwbqtdciilaczfrndbdg/Build/Intermediates.noindex/Echo.build/Debug-iphonesimulator/Echo.build/Echo.app-Simulated.xcent.der -Xlinker -no_adhoc_codesign -o /Users/logansu/Library/Developer/Xcode/DerivedData/Echo-awzgiadvdwbqtdciilaczfrndbdg/Build/Products/Debug-iphonesimulator/Echo.app/__preview.dylib

CpResource /Users/logansu/Library/Developer/Xcode/DerivedData/Echo-awzgiadvdwbqtdciilaczfrndbdg/Build/Products/Debug-iphonesimulator/Echo.app/voice-note-reminder.wav /Users/logansu/Documents/Dev/SwiftProjects/Echo/Echo/Resources/MediaSamples/voice-note-reminder.wav (in target 'Echo' from project 'Echo')
    cd /Users/logansu/Documents/Dev/SwiftProjects/Echo
    builtin-copy -exclude .DS_Store -exclude CVS -exclude .svn -exclude .git -exclude .hg -resolve-src-symlinks /Users/logansu/Documents/Dev/SwiftProjects/Echo/Echo/Resources/MediaSamples/voice-note-reminder.wav /Users/logansu/Library/Developer/Xcode/DerivedData/Echo-awzgiadvdwbqtdciilaczfrndbdg/Build/Products/Debug-iphonesimulator/Echo.app

SwiftDriverJobDiscovery normal arm64 Compiling PendingOpsActor.swift, PrivacyActor.swift, ProgressActor.swift, VectorStoreActor.swift, ActiveRouteSet.swift, CanonicalMemory.swift, ErrorEnums.swift (in target 'Echo' from project 'Echo')

CpResource /Users/logansu/Library/Developer/Xcode/DerivedData/Echo-awzgiadvdwbqtdciilaczfrndbdg/Build/Products/Debug-iphonesimulator/Echo.app/video-seaside-sunset.mp4 /Users/logansu/Documents/Dev/SwiftProjects/Echo/Echo/Resources/MediaSamples/video-seaside-sunset.mp4 (in target 'Echo' from project 'Echo')
    cd /Users/logansu/Documents/Dev/SwiftProjects/Echo
    builtin-copy -exclude .DS_Store -exclude CVS -exclude .svn -exclude .git -exclude .hg -resolve-src-symlinks /Users/logansu/Documents/Dev/SwiftProjects/Echo/Echo/Resources/MediaSamples/video-seaside-sunset.mp4 /Users/logansu/Library/Developer/Xcode/DerivedData/Echo-awzgiadvdwbqtdciilaczfrndbdg/Build/Products/Debug-iphonesimulator/Echo.app

CpResource /Users/logansu/Library/Developer/Xcode/DerivedData/Echo-awzgiadvdwbqtdciilaczfrndbdg/Build/Products/Debug-iphonesimulator/Echo.app/sensevoice-small-q4_k.gguf /Users/logansu/Documents/Dev/SwiftProjects/Echo/Echo/Resources/Models/sensevoice-small-q4_k.gguf (in target 'Echo' from project 'Echo')
    cd /Users/logansu/Documents/Dev/SwiftProjects/Echo
    builtin-copy -exclude .DS_Store -exclude CVS -exclude .svn -exclude .git -exclude .hg -resolve-src-symlinks /Users/logansu/Documents/Dev/SwiftProjects/Echo/Echo/Resources/Models/sensevoice-small-q4_k.gguf /Users/logansu/Library/Developer/Xcode/DerivedData/Echo-awzgiadvdwbqtdciilaczfrndbdg/Build/Products/Debug-iphonesimulator/Echo.app

CpResource /Users/logansu/Library/Developer/Xcode/DerivedData/Echo-awzgiadvdwbqtdciilaczfrndbdg/Build/Products/Debug-iphonesimulator/Echo.app/SenseVoiceSmall_int8.mlmodelc /Users/logansu/Documents/Dev/SwiftProjects/Echo/Echo/Resources/Models/SenseVoiceSmall_int8.mlmodelc (in target 'Echo' from project 'Echo')
    cd /Users/logansu/Documents/Dev/SwiftProjects/Echo
    builtin-copy -exclude .DS_Store -exclude CVS -exclude .svn -exclude .git -exclude .hg -resolve-src-symlinks /Users/logansu/Documents/Dev/SwiftProjects/Echo/Echo/Resources/Models/SenseVoiceSmall_int8.mlmodelc /Users/logansu/Library/Developer/Xcode/DerivedData/Echo-awzgiadvdwbqtdciilaczfrndbdg/Build/Products/Debug-iphonesimulator/Echo.app

CpResource /Users/logansu/Library/Developer/Xcode/DerivedData/Echo-awzgiadvdwbqtdciilaczfrndbdg/Build/Products/Debug-iphonesimulator/Echo.app/SenseVoicePreprocessor.mlmodelc /Users/logansu/Documents/Dev/SwiftProjects/Echo/Echo/Resources/Models/SenseVoicePreprocessor.mlmodelc (in target 'Echo' from project 'Echo')
    cd /Users/logansu/Documents/Dev/SwiftProjects/Echo
    builtin-copy -exclude .DS_Store -exclude CVS -exclude .svn -exclude .git -exclude .hg -resolve-src-symlinks /Users/logansu/Documents/Dev/SwiftProjects/Echo/Echo/Resources/Models/SenseVoicePreprocessor.mlmodelc /Users/logansu/Library/Developer/Xcode/DerivedData/Echo-awzgiadvdwbqtdciilaczfrndbdg/Build/Products/Debug-iphonesimulator/Echo.app

SwiftDriverJobDiscovery normal arm64 Emitting module for Echo (in target 'Echo' from project 'Echo')

SwiftDriver\ Compilation\ Requirements Echo normal arm64 com.apple.xcode.tools.swift.compiler (in target 'Echo' from project 'Echo')
    cd /Users/logansu/Documents/Dev/SwiftProjects/Echo
    builtin-Swift-Compilation-Requirements -- /Applications/Xcode.app/Contents/Developer/Toolchains/XcodeDefault.xctoolchain/usr/bin/swiftc -module-name Echo -Onone @/Users/logansu/Library/Developer/Xcode/DerivedData/Echo-awzgiadvdwbqtdciilaczfrndbdg/Build/Intermediates.noindex/Echo.build/Debug-iphonesimulator/Echo.build/Objects-normal/arm64/Echo.SwiftFileList -DDEBUG -default-isolation\=MainActor -enable-upcoming-feature MemberImportVisibility -enable-experimental-feature DebugDescriptionMacro -sdk /Applications/Xcode.app/Contents/Developer/Platforms/iPhoneSimulator.platform/Developer/SDKs/iPhoneSimulator26.5.sdk -target arm64-apple-ios18.0-simulator -g -module-cache-path /Users/logansu/Library/Developer/Xcode/DerivedData/ModuleCache.noindex -Xfrontend -serialize-debugging-options -profile-coverage-mapping -profile-generate -enable-testing -index-store-path /Users/logansu/Library/Developer/Xcode/DerivedData/Echo-awzgiadvdwbqtdciilaczfrndbdg/Index.noindex/DataStore -Xcc -D_LIBCPP_HARDENING_MODE\=_LIBCPP_HARDENING_MODE_DEBUG -swift-version 6 -I /Users/logansu/Library/Developer/Xcode/DerivedData/Echo-awzgiadvdwbqtdciilaczfrndbdg/Build/Products/Debug-iphonesimulator -F /Users/logansu/Library/Developer/Xcode/DerivedData/Echo-awzgiadvdwbqtdciilaczfrndbdg/Build/Products/Debug-iphonesimulator/PackageFrameworks -F /Users/logansu/Library/Developer/Xcode/DerivedData/Echo-awzgiadvdwbqtdciilaczfrndbdg/Build/Products/Debug-iphonesimulator -emit-localized-strings -emit-localized-strings-path /Users/logansu/Library/Developer/Xcode/DerivedData/Echo-awzgiadvdwbqtdciilaczfrndbdg/Build/Intermediates.noindex/Echo.build/Debug-iphonesimulator/Echo.build/Objects-normal/arm64 -c -j8 -enable-batch-mode -incremental -Xcc -ivfsstatcache -Xcc /Users/logansu/Library/Developer/Xcode/DerivedData/SDKStatCaches.noindex/iphonesimulator26.5-23F73-6cfe768891a92b912361537c460fe42b.sdkstatcache -output-file-map /Users/logansu/Library/Developer/Xcode/DerivedData/Echo-awzgiadvdwbqtdciilaczfrndbdg/Build/Intermediates.noindex/Echo.build/Debug-iphonesimulator/Echo.build/Objects-normal/arm64/Echo-OutputFileMap.json -use-frontend-parseable-output -save-temps -no-color-diagnostics -explicit-module-build -module-cache-path /Users/logansu/Library/Developer/Xcode/DerivedData/Echo-awzgiadvdwbqtdciilaczfrndbdg/Build/Intermediates.noindex/SwiftExplicitPrecompiledModules -clang-scanner-module-cache-path /Users/logansu/Library/Developer/Xcode/DerivedData/ModuleCache.noindex -sdk-module-cache-path /Users/logansu/Library/Developer/Xcode/DerivedData/ModuleCache.noindex -serialize-diagnostics -emit-dependencies -emit-module -emit-module-path /Users/logansu/Library/Developer/Xcode/DerivedData/Echo-awzgiadvdwbqtdciilaczfrndbdg/Build/Intermediates.noindex/Echo.build/Debug-iphonesimulator/Echo.build/Objects-normal/arm64/Echo.swiftmodule -validate-clang-modules-once -clang-build-session-file /Users/logansu/Library/Developer/Xcode/DerivedData/ModuleCache.noindex/Session.modulevalidation -Xcc -I/Users/logansu/Library/Developer/Xcode/DerivedData/Echo-awzgiadvdwbqtdciilaczfrndbdg/Build/Intermediates.noindex/Echo.build/Debug-iphonesimulator/Echo.build/swift-overrides.hmap -emit-const-values -Xfrontend -const-gather-protocols-file -Xfrontend /Users/logansu/Library/Developer/Xcode/DerivedData/Echo-awzgiadvdwbqtdciilaczfrndbdg/Build/Intermediates.noindex/Echo.build/Debug-iphonesimulator/Echo.build/Objects-normal/arm64/Echo_const_extract_protocols.json -Xcc -iquote -Xcc /Users/logansu/Library/Developer/Xcode/DerivedData/Echo-awzgiadvdwbqtdciilaczfrndbdg/Build/Intermediates.noindex/Echo.build/Debug-iphonesimulator/Echo.build/Echo-generated-files.hmap -Xcc -I/Users/logansu/Library/Developer/Xcode/DerivedData/Echo-awzgiadvdwbqtdciilaczfrndbdg/Build/Intermediates.noindex/Echo.build/Debug-iphonesimulator/Echo.build/Echo-own-target-headers.hmap -Xcc -I/Users/logansu/Library/Developer/Xcode/DerivedData/Echo-awzgiadvdwbqtdciilaczfrndbdg/Build/Intermediates.noindex/Echo.build/Debug-iphonesimulator/Echo.build/Echo-all-non-framework-target-headers.hmap -Xcc -ivfsoverlay -Xcc /Users/logansu/Library/Developer/Xcode/DerivedData/Echo-awzgiadvdwbqtdciilaczfrndbdg/Build/Intermediates.noindex/Echo.build/Debug-iphonesimulator/Echo-ffb9939ae8ba03680559e8bc801c82d5-VFS-iphonesimulator/all-product-headers.yaml -Xcc -iquote -Xcc /Users/logansu/Library/Developer/Xcode/DerivedData/Echo-awzgiadvdwbqtdciilaczfrndbdg/Build/Intermediates.noindex/Echo.build/Debug-iphonesimulator/Echo.build/Echo-project-headers.hmap -Xcc -I/Users/logansu/Library/Developer/Xcode/DerivedData/Echo-awzgiadvdwbqtdciilaczfrndbdg/Build/Products/Debug-iphonesimulator/include -Xcc -I/Users/logansu/Library/Developer/Xcode/DerivedData/Echo-awzgiadvdwbqtdciilaczfrndbdg/Build/Intermediates.noindex/Echo.build/Debug-iphonesimulator/Echo.build/DerivedSources-normal/arm64 -Xcc -I/Users/logansu/Library/Developer/Xcode/DerivedData/Echo-awzgiadvdwbqtdciilaczfrndbdg/Build/Intermediates.noindex/Echo.build/Debug-iphonesimulator/Echo.build/DerivedSources/arm64 -Xcc -I/Users/logansu/Library/Developer/Xcode/DerivedData/Echo-awzgiadvdwbqtdciilaczfrndbdg/Build/Intermediates.noindex/Echo.build/Debug-iphonesimulator/Echo.build/DerivedSources -Xcc -DDEBUG\=1 -emit-objc-header -emit-objc-header-path /Users/logansu/Library/Developer/Xcode/DerivedData/Echo-awzgiadvdwbqtdciilaczfrndbdg/Build/Intermediates.noindex/Echo.build/Debug-iphonesimulator/Echo.build/Objects-normal/arm64/Echo-Swift.h -working-directory /Users/logansu/Documents/Dev/SwiftProjects/Echo -experimental-emit-module-separately -disable-cmo

CpResource /Users/logansu/Library/Developer/Xcode/DerivedData/Echo-awzgiadvdwbqtdciilaczfrndbdg/Build/Products/Debug-iphonesimulator/Echo.app/.gitkeep /Users/logansu/Documents/Dev/SwiftProjects/Echo/Echo/Resources/Models/.gitkeep (in target 'Echo' from project 'Echo')
    cd /Users/logansu/Documents/Dev/SwiftProjects/Echo
    builtin-copy -exclude .DS_Store -exclude CVS -exclude .svn -exclude .git -exclude .hg -resolve-src-symlinks /Users/logansu/Documents/Dev/SwiftProjects/Echo/Echo/Resources/Models/.gitkeep /Users/logansu/Library/Developer/Xcode/DerivedData/Echo-awzgiadvdwbqtdciilaczfrndbdg/Build/Products/Debug-iphonesimulator/Echo.app

CopyPNGFile /Users/logansu/Library/Developer/Xcode/DerivedData/Echo-awzgiadvdwbqtdciilaczfrndbdg/Build/Products/Debug-iphonesimulator/Echo.app/video-seaside-sunset.png /Users/logansu/Documents/Dev/SwiftProjects/Echo/Echo/Resources/MediaSamples/video-seaside-sunset.png (in target 'Echo' from project 'Echo')
    cd /Users/logansu/Documents/Dev/SwiftProjects/Echo
    /Applications/Xcode.app/Contents/Developer/usr/bin/copypng -compress -strip-PNG-text /Users/logansu/Documents/Dev/SwiftProjects/Echo/Echo/Resources/MediaSamples/video-seaside-sunset.png /Users/logansu/Library/Developer/Xcode/DerivedData/Echo-awzgiadvdwbqtdciilaczfrndbdg/Build/Products/Debug-iphonesimulator/Echo.app/video-seaside-sunset.png

SwiftMergeGeneratedHeaders /Users/logansu/Library/Developer/Xcode/DerivedData/Echo-awzgiadvdwbqtdciilaczfrndbdg/Build/Intermediates.noindex/Echo.build/Debug-iphonesimulator/Echo.build/DerivedSources/Echo-Swift.h /Users/logansu/Library/Developer/Xcode/DerivedData/Echo-awzgiadvdwbqtdciilaczfrndbdg/Build/Intermediates.noindex/Echo.build/Debug-iphonesimulator/Echo.build/Objects-normal/arm64/Echo-Swift.h (in target 'Echo' from project 'Echo')
    cd /Users/logansu/Documents/Dev/SwiftProjects/Echo
    builtin-swiftHeaderTool -arch arm64 /Users/logansu/Library/Developer/Xcode/DerivedData/Echo-awzgiadvdwbqtdciilaczfrndbdg/Build/Intermediates.noindex/Echo.build/Debug-iphonesimulator/Echo.build/Objects-normal/arm64/Echo-Swift.h -o /Users/logansu/Library/Developer/Xcode/DerivedData/Echo-awzgiadvdwbqtdciilaczfrndbdg/Build/Intermediates.noindex/Echo.build/Debug-iphonesimulator/Echo.build/DerivedSources/Echo-Swift.h

Copy /Users/logansu/Library/Developer/Xcode/DerivedData/Echo-awzgiadvdwbqtdciilaczfrndbdg/Build/Products/Debug-iphonesimulator/Echo.swiftmodule/arm64-apple-ios-simulator.swiftmodule /Users/logansu/Library/Developer/Xcode/DerivedData/Echo-awzgiadvdwbqtdciilaczfrndbdg/Build/Intermediates.noindex/Echo.build/Debug-iphonesimulator/Echo.build/Objects-normal/arm64/Echo.swiftmodule (in target 'Echo' from project 'Echo')
    cd /Users/logansu/Documents/Dev/SwiftProjects/Echo
    builtin-copy -exclude .DS_Store -exclude CVS -exclude .svn -exclude .git -exclude .hg -resolve-src-symlinks -rename /Users/logansu/Library/Developer/Xcode/DerivedData/Echo-awzgiadvdwbqtdciilaczfrndbdg/Build/Intermediates.noindex/Echo.build/Debug-iphonesimulator/Echo.build/Objects-normal/arm64/Echo.swiftmodule /Users/logansu/Library/Developer/Xcode/DerivedData/Echo-awzgiadvdwbqtdciilaczfrndbdg/Build/Products/Debug-iphonesimulator/Echo.swiftmodule/arm64-apple-ios-simulator.swiftmodule

Copy /Users/logansu/Library/Developer/Xcode/DerivedData/Echo-awzgiadvdwbqtdciilaczfrndbdg/Build/Products/Debug-iphonesimulator/Echo.swiftmodule/arm64-apple-ios-simulator.swiftdoc /Users/logansu/Library/Developer/Xcode/DerivedData/Echo-awzgiadvdwbqtdciilaczfrndbdg/Build/Intermediates.noindex/Echo.build/Debug-iphonesimulator/Echo.build/Objects-normal/arm64/Echo.swiftdoc (in target 'Echo' from project 'Echo')
    cd /Users/logansu/Documents/Dev/SwiftProjects/Echo
    builtin-copy -exclude .DS_Store -exclude CVS -exclude .svn -exclude .git -exclude .hg -resolve-src-symlinks -rename /Users/logansu/Library/Developer/Xcode/DerivedData/Echo-awzgiadvdwbqtdciilaczfrndbdg/Build/Intermediates.noindex/Echo.build/Debug-iphonesimulator/Echo.build/Objects-normal/arm64/Echo.swiftdoc /Users/logansu/Library/Developer/Xcode/DerivedData/Echo-awzgiadvdwbqtdciilaczfrndbdg/Build/Products/Debug-iphonesimulator/Echo.swiftmodule/arm64-apple-ios-simulator.swiftdoc

Copy /Users/logansu/Library/Developer/Xcode/DerivedData/Echo-awzgiadvdwbqtdciilaczfrndbdg/Build/Products/Debug-iphonesimulator/Echo.swiftmodule/arm64-apple-ios-simulator.abi.json /Users/logansu/Library/Developer/Xcode/DerivedData/Echo-awzgiadvdwbqtdciilaczfrndbdg/Build/Intermediates.noindex/Echo.build/Debug-iphonesimulator/Echo.build/Objects-normal/arm64/Echo.abi.json (in target 'Echo' from project 'Echo')
    cd /Users/logansu/Documents/Dev/SwiftProjects/Echo
    builtin-copy -exclude .DS_Store -exclude CVS -exclude .svn -exclude .git -exclude .hg -resolve-src-symlinks -rename /Users/logansu/Library/Developer/Xcode/DerivedData/Echo-awzgiadvdwbqtdciilaczfrndbdg/Build/Intermediates.noindex/Echo.build/Debug-iphonesimulator/Echo.build/Objects-normal/arm64/Echo.abi.json /Users/logansu/Library/Developer/Xcode/DerivedData/Echo-awzgiadvdwbqtdciilaczfrndbdg/Build/Products/Debug-iphonesimulator/Echo.swiftmodule/arm64-apple-ios-simulator.abi.json

Copy /Users/logansu/Library/Developer/Xcode/DerivedData/Echo-awzgiadvdwbqtdciilaczfrndbdg/Build/Products/Debug-iphonesimulator/Echo.swiftmodule/Project/arm64-apple-ios-simulator.swiftsourceinfo /Users/logansu/Library/Developer/Xcode/DerivedData/Echo-awzgiadvdwbqtdciilaczfrndbdg/Build/Intermediates.noindex/Echo.build/Debug-iphonesimulator/Echo.build/Objects-normal/arm64/Echo.swiftsourceinfo (in target 'Echo' from project 'Echo')
    cd /Users/logansu/Documents/Dev/SwiftProjects/Echo
    builtin-copy -exclude .DS_Store -exclude CVS -exclude .svn -exclude .git -exclude .hg -resolve-src-symlinks -rename /Users/logansu/Library/Developer/Xcode/DerivedData/Echo-awzgiadvdwbqtdciilaczfrndbdg/Build/Intermediates.noindex/Echo.build/Debug-iphonesimulator/Echo.build/Objects-normal/arm64/Echo.swiftsourceinfo /Users/logansu/Library/Developer/Xcode/DerivedData/Echo-awzgiadvdwbqtdciilaczfrndbdg/Build/Products/Debug-iphonesimulator/Echo.swiftmodule/Project/arm64-apple-ios-simulator.swiftsourceinfo

CopyPNGFile /Users/logansu/Library/Developer/Xcode/DerivedData/Echo-awzgiadvdwbqtdciilaczfrndbdg/Build/Products/Debug-iphonesimulator/Echo.app/photo-park-sunset.png /Users/logansu/Documents/Dev/SwiftProjects/Echo/Echo/Resources/MediaSamples/photo-park-sunset.png (in target 'Echo' from project 'Echo')
    cd /Users/logansu/Documents/Dev/SwiftProjects/Echo
    /Applications/Xcode.app/Contents/Developer/usr/bin/copypng -compress -strip-PNG-text /Users/logansu/Documents/Dev/SwiftProjects/Echo/Echo/Resources/MediaSamples/photo-park-sunset.png /Users/logansu/Library/Developer/Xcode/DerivedData/Echo-awzgiadvdwbqtdciilaczfrndbdg/Build/Products/Debug-iphonesimulator/Echo.app/photo-park-sunset.png

SwiftDriverJobDiscovery normal arm64 Compiling IndexGeneration.swift, Memory.swift, ModelManifest.swift, AwakeningPipeline.swift, FeedbackPipeline.swift, IngestPipeline.swift (in target 'Echo' from project 'Echo')

SwiftDriverJobDiscovery normal arm64 Compiling AppDelegate.swift, DatabaseManager.swift, ExcludedAssetsActor.swift, FeedbackActor.swift, GenerationRegistryActor.swift, ModelLoaderActor.swift, ModelManifestActor.swift (in target 'Echo' from project 'Echo')

SwiftDriverJobDiscovery normal arm64 Compiling MemoryDetailViewModel.swift, SearchViewModel.swift, SettingsViewModel.swift, AppRootView.swift, BackgroundTaskFixtureLoader.swift, BackgroundTaskPanelView.swift (in target 'Echo' from project 'Echo')

SwiftDriverJobDiscovery normal arm64 Compiling SettingsView.swift, EchoApp.swift, MobileCLIP-B-lt_image.swift, MobileCLIP-B-lt_text.swift, MultilingualE5Small.swift, GeneratedAssetSymbols.swift (in target 'Echo' from project 'Echo')

SwiftDriverJobDiscovery normal arm64 Compiling ContentView.swift, HomeView.swift, MemoryDetailFixtureLoader.swift, MemoryDetailView.swift, SearchFixtureLoader.swift, SearchView.swift (in target 'Echo' from project 'Echo')

SwiftDriver\ Compilation Echo normal arm64 com.apple.xcode.tools.swift.compiler (in target 'Echo' from project 'Echo')
    cd /Users/logansu/Documents/Dev/SwiftProjects/Echo
    builtin-Swift-Compilation -- /Applications/Xcode.app/Contents/Developer/Toolchains/XcodeDefault.xctoolchain/usr/bin/swiftc -module-name Echo -Onone @/Users/logansu/Library/Developer/Xcode/DerivedData/Echo-awzgiadvdwbqtdciilaczfrndbdg/Build/Intermediates.noindex/Echo.build/Debug-iphonesimulator/Echo.build/Objects-normal/arm64/Echo.SwiftFileList -DDEBUG -default-isolation\=MainActor -enable-upcoming-feature MemberImportVisibility -enable-experimental-feature DebugDescriptionMacro -sdk /Applications/Xcode.app/Contents/Developer/Platforms/iPhoneSimulator.platform/Developer/SDKs/iPhoneSimulator26.5.sdk -target arm64-apple-ios18.0-simulator -g -module-cache-path /Users/logansu/Library/Developer/Xcode/DerivedData/ModuleCache.noindex -Xfrontend -serialize-debugging-options -profile-coverage-mapping -profile-generate -enable-testing -index-store-path /Users/logansu/Library/Developer/Xcode/DerivedData/Echo-awzgiadvdwbqtdciilaczfrndbdg/Index.noindex/DataStore -Xcc -D_LIBCPP_HARDENING_MODE\=_LIBCPP_HARDENING_MODE_DEBUG -swift-version 6 -I /Users/logansu/Library/Developer/Xcode/DerivedData/Echo-awzgiadvdwbqtdciilaczfrndbdg/Build/Products/Debug-iphonesimulator -F /Users/logansu/Library/Developer/Xcode/DerivedData/Echo-awzgiadvdwbqtdciilaczfrndbdg/Build/Products/Debug-iphonesimulator/PackageFrameworks -F /Users/logansu/Library/Developer/Xcode/DerivedData/Echo-awzgiadvdwbqtdciilaczfrndbdg/Build/Products/Debug-iphonesimulator -emit-localized-strings -emit-localized-strings-path /Users/logansu/Library/Developer/Xcode/DerivedData/Echo-awzgiadvdwbqtdciilaczfrndbdg/Build/Intermediates.noindex/Echo.build/Debug-iphonesimulator/Echo.build/Objects-normal/arm64 -c -j8 -enable-batch-mode -incremental -Xcc -ivfsstatcache -Xcc /Users/logansu/Library/Developer/Xcode/DerivedData/SDKStatCaches.noindex/iphonesimulator26.5-23F73-6cfe768891a92b912361537c460fe42b.sdkstatcache -output-file-map /Users/logansu/Library/Developer/Xcode/DerivedData/Echo-awzgiadvdwbqtdciilaczfrndbdg/Build/Intermediates.noindex/Echo.build/Debug-iphonesimulator/Echo.build/Objects-normal/arm64/Echo-OutputFileMap.json -use-frontend-parseable-output -save-temps -no-color-diagnostics -explicit-module-build -module-cache-path /Users/logansu/Library/Developer/Xcode/DerivedData/Echo-awzgiadvdwbqtdciilaczfrndbdg/Build/Intermediates.noindex/SwiftExplicitPrecompiledModules -clang-scanner-module-cache-path /Users/logansu/Library/Developer/Xcode/DerivedData/ModuleCache.noindex -sdk-module-cache-path /Users/logansu/Library/Developer/Xcode/DerivedData/ModuleCache.noindex -serialize-diagnostics -emit-dependencies -emit-module -emit-module-path /Users/logansu/Library/Developer/Xcode/DerivedData/Echo-awzgiadvdwbqtdciilaczfrndbdg/Build/Intermediates.noindex/Echo.build/Debug-iphonesimulator/Echo.build/Objects-normal/arm64/Echo.swiftmodule -validate-clang-modules-once -clang-build-session-file /Users/logansu/Library/Developer/Xcode/DerivedData/ModuleCache.noindex/Session.modulevalidation -Xcc -I/Users/logansu/Library/Developer/Xcode/DerivedData/Echo-awzgiadvdwbqtdciilaczfrndbdg/Build/Intermediates.noindex/Echo.build/Debug-iphonesimulator/Echo.build/swift-overrides.hmap -emit-const-values -Xfrontend -const-gather-protocols-file -Xfrontend /Users/logansu/Library/Developer/Xcode/DerivedData/Echo-awzgiadvdwbqtdciilaczfrndbdg/Build/Intermediates.noindex/Echo.build/Debug-iphonesimulator/Echo.build/Objects-normal/arm64/Echo_const_extract_protocols.json -Xcc -iquote -Xcc /Users/logansu/Library/Developer/Xcode/DerivedData/Echo-awzgiadvdwbqtdciilaczfrndbdg/Build/Intermediates.noindex/Echo.build/Debug-iphonesimulator/Echo.build/Echo-generated-files.hmap -Xcc -I/Users/logansu/Library/Developer/Xcode/DerivedData/Echo-awzgiadvdwbqtdciilaczfrndbdg/Build/Intermediates.noindex/Echo.build/Debug-iphonesimulator/Echo.build/Echo-own-target-headers.hmap -Xcc -I/Users/logansu/Library/Developer/Xcode/DerivedData/Echo-awzgiadvdwbqtdciilaczfrndbdg/Build/Intermediates.noindex/Echo.build/Debug-iphonesimulator/Echo.build/Echo-all-non-framework-target-headers.hmap -Xcc -ivfsoverlay -Xcc /Users/logansu/Library/Developer/Xcode/DerivedData/Echo-awzgiadvdwbqtdciilaczfrndbdg/Build/Intermediates.noindex/Echo.build/Debug-iphonesimulator/Echo-ffb9939ae8ba03680559e8bc801c82d5-VFS-iphonesimulator/all-product-headers.yaml -Xcc -iquote -Xcc /Users/logansu/Library/Developer/Xcode/DerivedData/Echo-awzgiadvdwbqtdciilaczfrndbdg/Build/Intermediates.noindex/Echo.build/Debug-iphonesimulator/Echo.build/Echo-project-headers.hmap -Xcc -I/Users/logansu/Library/Developer/Xcode/DerivedData/Echo-awzgiadvdwbqtdciilaczfrndbdg/Build/Products/Debug-iphonesimulator/include -Xcc -I/Users/logansu/Library/Developer/Xcode/DerivedData/Echo-awzgiadvdwbqtdciilaczfrndbdg/Build/Intermediates.noindex/Echo.build/Debug-iphonesimulator/Echo.build/DerivedSources-normal/arm64 -Xcc -I/Users/logansu/Library/Developer/Xcode/DerivedData/Echo-awzgiadvdwbqtdciilaczfrndbdg/Build/Intermediates.noindex/Echo.build/Debug-iphonesimulator/Echo.build/DerivedSources/arm64 -Xcc -I/Users/logansu/Library/Developer/Xcode/DerivedData/Echo-awzgiadvdwbqtdciilaczfrndbdg/Build/Intermediates.noindex/Echo.build/Debug-iphonesimulator/Echo.build/DerivedSources -Xcc -DDEBUG\=1 -emit-objc-header -emit-objc-header-path /Users/logansu/Library/Developer/Xcode/DerivedData/Echo-awzgiadvdwbqtdciilaczfrndbdg/Build/Intermediates.noindex/Echo.build/Debug-iphonesimulator/Echo.build/Objects-normal/arm64/Echo-Swift.h -working-directory /Users/logansu/Documents/Dev/SwiftProjects/Echo -experimental-emit-module-separately -disable-cmo

Ld /Users/logansu/Library/Developer/Xcode/DerivedData/Echo-awzgiadvdwbqtdciilaczfrndbdg/Build/Products/Debug-iphonesimulator/Echo.app/Echo.debug.dylib normal (in target 'Echo' from project 'Echo')
    cd /Users/logansu/Documents/Dev/SwiftProjects/Echo
    /Applications/Xcode.app/Contents/Developer/Toolchains/XcodeDefault.xctoolchain/usr/bin/clang -Xlinker -reproducible -target arm64-apple-ios18.0-simulator -dynamiclib -isysroot /Applications/Xcode.app/Contents/Developer/Platforms/iPhoneSimulator.platform/Developer/SDKs/iPhoneSimulator26.5.sdk -O0 -L/Users/logansu/Library/Developer/Xcode/DerivedData/Echo-awzgiadvdwbqtdciilaczfrndbdg/Build/Intermediates.noindex/EagerLinkingTBDs/Debug-iphonesimulator -L/Users/logansu/Library/Developer/Xcode/DerivedData/Echo-awzgiadvdwbqtdciilaczfrndbdg/Build/Products/Debug-iphonesimulator -F/Users/logansu/Library/Developer/Xcode/DerivedData/Echo-awzgiadvdwbqtdciilaczfrndbdg/Build/Intermediates.noindex/EagerLinkingTBDs/Debug-iphonesimulator -F/Users/logansu/Library/Developer/Xcode/DerivedData/Echo-awzgiadvdwbqtdciilaczfrndbdg/Build/Products/Debug-iphonesimulator/PackageFrameworks -F/Users/logansu/Library/Developer/Xcode/DerivedData/Echo-awzgiadvdwbqtdciilaczfrndbdg/Build/Products/Debug-iphonesimulator -filelist /Users/logansu/Library/Developer/Xcode/DerivedData/Echo-awzgiadvdwbqtdciilaczfrndbdg/Build/Intermediates.noindex/Echo.build/Debug-iphonesimulator/Echo.build/Objects-normal/arm64/Echo.LinkFileList -install_name @rpath/Echo.debug.dylib -Xlinker -rpath -Xlinker /usr/lib/swift -Xlinker -rpath -Xlinker /Users/logansu/Library/Developer/Xcode/DerivedData/Echo-awzgiadvdwbqtdciilaczfrndbdg/Build/Products/Debug-iphonesimulator/PackageFrameworks -Xlinker -rpath -Xlinker @executable_path/Frameworks -Xlinker -dead_strip -Xlinker -object_path_lto -Xlinker /Users/logansu/Library/Developer/Xcode/DerivedData/Echo-awzgiadvdwbqtdciilaczfrndbdg/Build/Intermediates.noindex/Echo.build/Debug-iphonesimulator/Echo.build/Objects-normal/arm64/Echo_lto.o -rdynamic -Xlinker -no_deduplicate -Xlinker -objc_abi_version -Xlinker 2 -Xlinker -debug_variant -Xlinker -dependency_info -Xlinker /Users/logansu/Library/Developer/Xcode/DerivedData/Echo-awzgiadvdwbqtdciilaczfrndbdg/Build/Intermediates.noindex/Echo.build/Debug-iphonesimulator/Echo.build/Objects-normal/arm64/Echo_dependency_info.dat -fobjc-link-runtime -fprofile-instr-generate -L/Applications/Xcode.app/Contents/Developer/Toolchains/XcodeDefault.xctoolchain/usr/lib/swift/iphonesimulator -L/usr/lib/swift -Xlinker -add_ast_path -Xlinker /Users/logansu/Library/Developer/Xcode/DerivedData/Echo-awzgiadvdwbqtdciilaczfrndbdg/Build/Intermediates.noindex/Echo.build/Debug-iphonesimulator/Echo.build/Objects-normal/arm64/Echo.swiftmodule @/Users/logansu/Library/Developer/Xcode/DerivedData/Echo-awzgiadvdwbqtdciilaczfrndbdg/Build/Intermediates.noindex/Echo.build/Debug-iphonesimulator/Echo.build/Objects-normal/arm64/Echo-linker-args.resp -Wl,-no_warn_duplicate_libraries -Xlinker -alias -Xlinker _main -Xlinker ___debug_main_executable_dylib_entry_point -Xlinker -no_adhoc_codesign -o /Users/logansu/Library/Developer/Xcode/DerivedData/Echo-awzgiadvdwbqtdciilaczfrndbdg/Build/Products/Debug-iphonesimulator/Echo.app/Echo.debug.dylib -Xlinker -add_ast_path -Xlinker /Users/logansu/Library/Developer/Xcode/DerivedData/Echo-awzgiadvdwbqtdciilaczfrndbdg/Build/Intermediates.noindex/ProximaKit.build/Debug-iphonesimulator/ProximaKit.build/Objects-normal/arm64/ProximaKit.swiftmodule @/Users/logansu/Library/Developer/Xcode/DerivedData/Echo-awzgiadvdwbqtdciilaczfrndbdg/Build/Intermediates.noindex/ProximaKit.build/Debug-iphonesimulator/ProximaKit.build/Objects-normal/arm64/ProximaKit-linker-args.resp

ConstructStubExecutorLinkFileList /Users/logansu/Library/Developer/Xcode/DerivedData/Echo-awzgiadvdwbqtdciilaczfrndbdg/Build/Intermediates.noindex/Echo.build/Debug-iphonesimulator/Echo.build/Echo-ExecutorLinkFileList-normal-arm64.txt (in target 'Echo' from project 'Echo')
    cd /Users/logansu/Documents/Dev/SwiftProjects/Echo
    construct-stub-executor-link-file-list /Users/logansu/Library/Developer/Xcode/DerivedData/Echo-awzgiadvdwbqtdciilaczfrndbdg/Build/Products/Debug-iphonesimulator/Echo.app/Echo.debug.dylib /Applications/Xcode.app/Contents/Developer/Platforms/iPhoneSimulator.platform/Developer/usr/lib/libPreviewsJITStubExecutor_no_swift_entry_point.a /Applications/Xcode.app/Contents/Developer/Platforms/iPhoneSimulator.platform/Developer/usr/lib/libPreviewsJITStubExecutor.a --output /Users/logansu/Library/Developer/Xcode/DerivedData/Echo-awzgiadvdwbqtdciilaczfrndbdg/Build/Intermediates.noindex/Echo.build/Debug-iphonesimulator/Echo.build/Echo-ExecutorLinkFileList-normal-arm64.txt
note: Using stub executor library with Swift entry point. (in target 'Echo' from project 'Echo')

Ld /Users/logansu/Library/Developer/Xcode/DerivedData/Echo-awzgiadvdwbqtdciilaczfrndbdg/Build/Products/Debug-iphonesimulator/Echo.app/Echo normal (in target 'Echo' from project 'Echo')
    cd /Users/logansu/Documents/Dev/SwiftProjects/Echo
    /Applications/Xcode.app/Contents/Developer/Toolchains/XcodeDefault.xctoolchain/usr/bin/clang -Xlinker -reproducible -target arm64-apple-ios18.0-simulator -isysroot /Applications/Xcode.app/Contents/Developer/Platforms/iPhoneSimulator.platform/Developer/SDKs/iPhoneSimulator26.5.sdk -O0 -L/Users/logansu/Library/Developer/Xcode/DerivedData/Echo-awzgiadvdwbqtdciilaczfrndbdg/Build/Products/Debug-iphonesimulator -F/Users/logansu/Library/Developer/Xcode/DerivedData/Echo-awzgiadvdwbqtdciilaczfrndbdg/Build/Products/Debug-iphonesimulator/PackageFrameworks -F/Users/logansu/Library/Developer/Xcode/DerivedData/Echo-awzgiadvdwbqtdciilaczfrndbdg/Build/Products/Debug-iphonesimulator -Xlinker -rpath -Xlinker @executable_path -Xlinker -rpath -Xlinker /Users/logansu/Library/Developer/Xcode/DerivedData/Echo-awzgiadvdwbqtdciilaczfrndbdg/Build/Products/Debug-iphonesimulator/PackageFrameworks -Xlinker -rpath -Xlinker @executable_path/Frameworks -rdynamic -Xlinker -no_deduplicate -Xlinker -objc_abi_version -Xlinker 2 -Xlinker -debug_variant -e ___debug_blank_executor_main -Xlinker -sectcreate -Xlinker __TEXT -Xlinker __debug_dylib -Xlinker /Users/logansu/Library/Developer/Xcode/DerivedData/Echo-awzgiadvdwbqtdciilaczfrndbdg/Build/Intermediates.noindex/Echo.build/Debug-iphonesimulator/Echo.build/Echo-DebugDylibPath-normal-arm64.txt -Xlinker -sectcreate -Xlinker __TEXT -Xlinker __debug_instlnm -Xlinker /Users/logansu/Library/Developer/Xcode/DerivedData/Echo-awzgiadvdwbqtdciilaczfrndbdg/Build/Intermediates.noindex/Echo.build/Debug-iphonesimulator/Echo.build/Echo-DebugDylibInstallName-normal-arm64.txt -Xlinker -filelist -Xlinker /Users/logansu/Library/Developer/Xcode/DerivedData/Echo-awzgiadvdwbqtdciilaczfrndbdg/Build/Intermediates.noindex/Echo.build/Debug-iphonesimulator/Echo.build/Echo-ExecutorLinkFileList-normal-arm64.txt -Xlinker -sectcreate -Xlinker __TEXT -Xlinker __entitlements -Xlinker /Users/logansu/Library/Developer/Xcode/DerivedData/Echo-awzgiadvdwbqtdciilaczfrndbdg/Build/Intermediates.noindex/Echo.build/Debug-iphonesimulator/Echo.build/Echo.app-Simulated.xcent -Xlinker -sectcreate -Xlinker __TEXT -Xlinker __ents_der -Xlinker /Users/logansu/Library/Developer/Xcode/DerivedData/Echo-awzgiadvdwbqtdciilaczfrndbdg/Build/Intermediates.noindex/Echo.build/Debug-iphonesimulator/Echo.build/Echo.app-Simulated.xcent.der /Users/logansu/Library/Developer/Xcode/DerivedData/Echo-awzgiadvdwbqtdciilaczfrndbdg/Build/Products/Debug-iphonesimulator/Echo.app/Echo.debug.dylib -Xlinker -no_adhoc_codesign -o /Users/logansu/Library/Developer/Xcode/DerivedData/Echo-awzgiadvdwbqtdciilaczfrndbdg/Build/Products/Debug-iphonesimulator/Echo.app/Echo

CopySwiftLibs /Users/logansu/Library/Developer/Xcode/DerivedData/Echo-awzgiadvdwbqtdciilaczfrndbdg/Build/Products/Debug-iphonesimulator/Echo.app (in target 'Echo' from project 'Echo')
    cd /Users/logansu/Documents/Dev/SwiftProjects/Echo
    builtin-swiftStdLibTool --copy --verbose --sign - --scan-executable /Users/logansu/Library/Developer/Xcode/DerivedData/Echo-awzgiadvdwbqtdciilaczfrndbdg/Build/Products/Debug-iphonesimulator/Echo.app/Echo.debug.dylib --scan-folder /Users/logansu/Library/Developer/Xcode/DerivedData/Echo-awzgiadvdwbqtdciilaczfrndbdg/Build/Products/Debug-iphonesimulator/Echo.app/Frameworks --scan-folder /Users/logansu/Library/Developer/Xcode/DerivedData/Echo-awzgiadvdwbqtdciilaczfrndbdg/Build/Products/Debug-iphonesimulator/Echo.app/PlugIns --scan-folder /Users/logansu/Library/Developer/Xcode/DerivedData/Echo-awzgiadvdwbqtdciilaczfrndbdg/Build/Products/Debug-iphonesimulator/Echo.app/SystemExtensions --scan-folder /Users/logansu/Library/Developer/Xcode/DerivedData/Echo-awzgiadvdwbqtdciilaczfrndbdg/Build/Products/Debug-iphonesimulator/Echo.app/Extensions --platform iphonesimulator --toolchain /Applications/Xcode.app/Contents/Developer/Toolchains/XcodeDefault.xctoolchain --destination /Users/logansu/Library/Developer/Xcode/DerivedData/Echo-awzgiadvdwbqtdciilaczfrndbdg/Build/Products/Debug-iphonesimulator/Echo.app/Frameworks --strip-bitcode --strip-bitcode-tool /Applications/Xcode.app/Contents/Developer/Toolchains/XcodeDefault.xctoolchain/usr/bin/bitcode_strip --emit-dependency-info /Users/logansu/Library/Developer/Xcode/DerivedData/Echo-awzgiadvdwbqtdciilaczfrndbdg/Build/Intermediates.noindex/Echo.build/Debug-iphonesimulator/Echo.build/SwiftStdLibToolInputDependencies.dep --filter-for-swift-os

ExtractAppIntentsMetadata (in target 'Echo' from project 'Echo')
    cd /Users/logansu/Documents/Dev/SwiftProjects/Echo
    /Applications/Xcode.app/Contents/Developer/Toolchains/XcodeDefault.xctoolchain/usr/bin/appintentsmetadataprocessor --toolchain-dir /Applications/Xcode.app/Contents/Developer/Toolchains/XcodeDefault.xctoolchain --module-name Echo --sdk-root /Applications/Xcode.app/Contents/Developer/Platforms/iPhoneSimulator.platform/Developer/SDKs/iPhoneSimulator26.5.sdk --xcode-version 17F42 --platform-family iOS --deployment-target 18.0 --bundle-identifier com.echo.Echo --output /Users/logansu/Library/Developer/Xcode/DerivedData/Echo-awzgiadvdwbqtdciilaczfrndbdg/Build/Products/Debug-iphonesimulator/Echo.app --target-triple arm64-apple-ios18.0-simulator --binary-file /Users/logansu/Library/Developer/Xcode/DerivedData/Echo-awzgiadvdwbqtdciilaczfrndbdg/Build/Products/Debug-iphonesimulator/Echo.app/Echo --dependency-file /Users/logansu/Library/Developer/Xcode/DerivedData/Echo-awzgiadvdwbqtdciilaczfrndbdg/Build/Intermediates.noindex/Echo.build/Debug-iphonesimulator/Echo.build/Objects-normal/arm64/Echo_dependency_info.dat --stringsdata-file /Users/logansu/Library/Developer/Xcode/DerivedData/Echo-awzgiadvdwbqtdciilaczfrndbdg/Build/Intermediates.noindex/Echo.build/Debug-iphonesimulator/Echo.build/Objects-normal/arm64/ExtractedAppShortcutsMetadata.stringsdata --source-file-list /Users/logansu/Library/Developer/Xcode/DerivedData/Echo-awzgiadvdwbqtdciilaczfrndbdg/Build/Intermediates.noindex/Echo.build/Debug-iphonesimulator/Echo.build/Objects-normal/arm64/Echo.SwiftFileList --metadata-file-list /Users/logansu/Library/Developer/Xcode/DerivedData/Echo-awzgiadvdwbqtdciilaczfrndbdg/Build/Intermediates.noindex/Echo.build/Debug-iphonesimulator/Echo.build/Echo.DependencyMetadataFileList --static-metadata-file-list /Users/logansu/Library/Developer/Xcode/DerivedData/Echo-awzgiadvdwbqtdciilaczfrndbdg/Build/Intermediates.noindex/Echo.build/Debug-iphonesimulator/Echo.build/Echo.DependencyStaticMetadataFileList --swift-const-vals-list /Users/logansu/Library/Developer/Xcode/DerivedData/Echo-awzgiadvdwbqtdciilaczfrndbdg/Build/Intermediates.noindex/Echo.build/Debug-iphonesimulator/Echo.build/Objects-normal/arm64/Echo.SwiftConstValuesFileList --compile-time-extraction --deployment-aware-processing --validate-assistant-intents --no-app-shortcuts-localization
2026-08-02 11:26:29.748 appintentsmetadataprocessor[7779:68325783] Starting appintentsmetadataprocessor export
2026-08-02 11:26:29.750 appintentsmetadataprocessor[7779:68325783] warning: Metadata extraction skipped. No AppIntents.framework dependency found.

AppIntentsSSUTraining (in target 'Echo' from project 'Echo')
    cd /Users/logansu/Documents/Dev/SwiftProjects/Echo
    /Applications/Xcode.app/Contents/Developer/Toolchains/XcodeDefault.xctoolchain/usr/bin/appintentsnltrainingprocessor --infoplist-path /Users/logansu/Library/Developer/Xcode/DerivedData/Echo-awzgiadvdwbqtdciilaczfrndbdg/Build/Products/Debug-iphonesimulator/Echo.app/Info.plist --temp-dir-path /Users/logansu/Library/Developer/Xcode/DerivedData/Echo-awzgiadvdwbqtdciilaczfrndbdg/Build/Intermediates.noindex/Echo.build/Debug-iphonesimulator/Echo.build/ssu --bundle-id com.echo.Echo --product-path /Users/logansu/Library/Developer/Xcode/DerivedData/Echo-awzgiadvdwbqtdciilaczfrndbdg/Build/Products/Debug-iphonesimulator/Echo.app --extracted-metadata-path /Users/logansu/Library/Developer/Xcode/DerivedData/Echo-awzgiadvdwbqtdciilaczfrndbdg/Build/Products/Debug-iphonesimulator/Echo.app/Metadata.appintents --metadata-file-list /Users/logansu/Library/Developer/Xcode/DerivedData/Echo-awzgiadvdwbqtdciilaczfrndbdg/Build/Intermediates.noindex/Echo.build/Debug-iphonesimulator/Echo.build/Echo.DependencyMetadataFileList --source-file /Users/logansu/Library/Developer/Xcode/DerivedData/Echo-awzgiadvdwbqtdciilaczfrndbdg/Build/Products/Debug-iphonesimulator/Echo.app/Info.plist --archive-ssu-assets
2026-08-02 11:26:29.770 appintentsnltrainingprocessor[7780:68325784] Parsing options for appintentsnltrainingprocessor
2026-08-02 11:26:29.770 appintentsnltrainingprocessor[7780:68325784] Starting AppIntents SSU YAML Generation
2026-08-02 11:26:29.772 appintentsnltrainingprocessor[7780:68325784] No AppShortcuts found - Skipping.

CodeSign /Users/logansu/Library/Developer/Xcode/DerivedData/Echo-awzgiadvdwbqtdciilaczfrndbdg/Build/Products/Debug-iphonesimulator/Echo.app/Echo.debug.dylib (in target 'Echo' from project 'Echo')
    cd /Users/logansu/Documents/Dev/SwiftProjects/Echo
    
    Signing Identity:     "Sign to Run Locally"
    
    /usr/bin/codesign --force --sign - --timestamp\=none --generate-entitlement-der /Users/logansu/Library/Developer/Xcode/DerivedData/Echo-awzgiadvdwbqtdciilaczfrndbdg/Build/Products/Debug-iphonesimulator/Echo.app/Echo.debug.dylib

CodeSign /Users/logansu/Library/Developer/Xcode/DerivedData/Echo-awzgiadvdwbqtdciilaczfrndbdg/Build/Products/Debug-iphonesimulator/Echo.app/__preview.dylib (in target 'Echo' from project 'Echo')
    cd /Users/logansu/Documents/Dev/SwiftProjects/Echo
    
    Signing Identity:     "Sign to Run Locally"
    
    /usr/bin/codesign --force --sign - --timestamp\=none --generate-entitlement-der /Users/logansu/Library/Developer/Xcode/DerivedData/Echo-awzgiadvdwbqtdciilaczfrndbdg/Build/Products/Debug-iphonesimulator/Echo.app/__preview.dylib

CodeSign /Users/logansu/Library/Developer/Xcode/DerivedData/Echo-awzgiadvdwbqtdciilaczfrndbdg/Build/Products/Debug-iphonesimulator/Echo.app (in target 'Echo' from project 'Echo')
    cd /Users/logansu/Documents/Dev/SwiftProjects/Echo
    
    Signing Identity:     "Sign to Run Locally"
    
    /usr/bin/codesign --force --sign - --timestamp\=none --generate-entitlement-der /Users/logansu/Library/Developer/Xcode/DerivedData/Echo-awzgiadvdwbqtdciilaczfrndbdg/Build/Products/Debug-iphonesimulator/Echo.app

RegisterExecutionPolicyException /Users/logansu/Library/Developer/Xcode/DerivedData/Echo-awzgiadvdwbqtdciilaczfrndbdg/Build/Products/Debug-iphonesimulator/Echo.app (in target 'Echo' from project 'Echo')
    cd /Users/logansu/Documents/Dev/SwiftProjects/Echo
    builtin-RegisterExecutionPolicyException /Users/logansu/Library/Developer/Xcode/DerivedData/Echo-awzgiadvdwbqtdciilaczfrndbdg/Build/Products/Debug-iphonesimulator/Echo.app

Validate /Users/logansu/Library/Developer/Xcode/DerivedData/Echo-awzgiadvdwbqtdciilaczfrndbdg/Build/Products/Debug-iphonesimulator/Echo.app (in target 'Echo' from project 'Echo')
    cd /Users/logansu/Documents/Dev/SwiftProjects/Echo
    builtin-validationUtility /Users/logansu/Library/Developer/Xcode/DerivedData/Echo-awzgiadvdwbqtdciilaczfrndbdg/Build/Products/Debug-iphonesimulator/Echo.app -shallow-bundle -infoplist-subpath Info.plist

Touch /Users/logansu/Library/Developer/Xcode/DerivedData/Echo-awzgiadvdwbqtdciilaczfrndbdg/Build/Products/Debug-iphonesimulator/Echo.app (in target 'Echo' from project 'Echo')
    cd /Users/logansu/Documents/Dev/SwiftProjects/Echo
    /usr/bin/touch -c /Users/logansu/Library/Developer/Xcode/DerivedData/Echo-awzgiadvdwbqtdciilaczfrndbdg/Build/Products/Debug-iphonesimulator/Echo.app

** BUILD SUCCEEDED **

